No,Tube_No,Species_one,Species_two,Block,Location,Treatment,Planting_date,Surv_final,sp1_Abovgd_mass,Community_root_mass,sp1_Total_Mass,Comm_RMF,No_of_Plants,"Control, Intra, Inter",Species_two,sp2_Abovgd_mass,sp2_Total_Mass
11,20,Achillea millefolium,sp1,one,A20,Monoculture,7/27/2016,0,,,,0.403385049,2,Intra,Achillea millefolium,0.0423,0.0709
18,38,Linum perenne,sp1,one,C18,Monoculture,7/27/2016,0,,,,0.609250399,2,Intra,Linum perenne,0.0245,0.0627
542,123,Linum lewisii,sp1,two,C03,Forb_comp,9/8/2016,0,,,,0.464088398,2,Inter,Helianthus annuus,0.0291,0.0543
59,153,Linum lewisii,sp1,two,E13,Monoculture,7/27/2016,0,,,,0.676211454,2,Intra,Linum lewisii,0.0294,0.0908
470,166,Linum perenne,sp1,two,G06,Forb_comp,8/31/2016,0,,,,0.253384913,2,Inter,Helianthus annuus,0.0772,0.1034
64,169,Linum lewisii,sp1,two,G09,Monoculture,7/27/2016,0,,,,0.44,2,Intra,Linum lewisii,0.0042,0.0075
472,170,Poa secunda,sp1,two,G10,Forb_comp,8/31/2016,0,,,,0.325056433,2,Inter,Helianthus annuus,0.0299,0.0443
70,190,Sporobolus airoides,sp1,two,I10,Monoculture,7/27/2016,0,,,,0.472580645,2,Intra,Sporobolus airoides,0.0981,0.186
475,191,Poa secunda,sp1,two,I11,Forb_comp,8/31/2016,0,,,,0.489795918,2,Inter,Helianthus annuus,0.0575,0.1127
382,215,Achillea millefolium,sp1,three,A15,Grass_comp,8/11/2016,0,,,,0.391623037,2,Inter,Pascopyrum smithii,0.0581,0.0955
385,216,Poa secunda,sp1,three,A16,Grass_comp,8/11/2016,0,,,,0.307692308,2,Inter,Pascopyrum smithii,0.0324,0.0468
452,235,Helianthus annuus,sp1,three,C15,Monoculture,8/25/2016,0,,,,0.377701934,2,Intra,Helianthus annuus,0.0547,0.0879
546,251,Linum lewisii,sp1,three,E11,Forb_comp,9/8/2016,0,,,,0.332307692,2,Inter,Helianthus annuus,0.0217,0.0325
548,255,Linum lewisii,sp1,three,E15,Forb_comp,9/8/2016,0,,,,0.477477477,2,Inter,Helianthus annuus,0.0232,0.0444
89,265,Achillea millefolium,sp1,three,G05,Monoculture,7/27/2016,0,,,,0.48272957,2,Intra,Achillea millefolium,0.0614,0.1187
91,267,Linum perenne,sp1,three,G07,Monoculture,7/27/2016,0,,,,0.705073996,2,Intra,Linum perenne,0.0279,0.0946
99,282,Sporobolus airoides,sp1,three,I02,Monoculture,7/27/2016,0,,,,0.454022989,2,Intra,Sporobolus airoides,0.0855,0.1566
289,287,Elymus trachycaulus,sp1,three,I07,Monoculture,8/10/2016,0,,,,0.627418463,2,Intra,Elymus trachycaulus,0.0674,0.1809
119,385,Sporobolus airoides,sp1,four,I05,Monoculture,7/27/2016,0,,,,0.527681661,2,Intra,Sporobolus airoides,0.0273,0.0578
198,388,Linum lewisii,sp1,four,I08,Monoculture,8/2/2016,0,,,,0.626168224,2,Intra,Linum lewisii,0.008,0.0214
134,429,Sporobolus airoides,sp1,five,C09,Monoculture,7/27/2016,0,,,,0.489361702,2,Intra,Sporobolus airoides,0.0288,0.0564
219,467,Linum lewisii,sp1,five,G07,Monoculture,8/2/2016,0,,,,0.699386503,2,Intra,Linum lewisii,0.0049,0.0163
522,510,Poa secunda,sp1,six,A10,Forb_comp,8/31/2016,0,,,,0.225728155,2,Inter,Helianthus annuus,0.0319,0.0412
530,556,Linum perenne,sp1,six,E16,Forb_comp,8/31/2016,0,,,,0.245942572,2,Inter,Helianthus annuus,0.0604,0.0801
560,558,Linum lewisii,sp1,six,E18,Forb_comp,9/8/2016,0,,,,0.327319588,2,Inter,Helianthus annuus,0.0261,0.0388
161,585,Linum perenne,sp1,six,I05,Monoculture,7/27/2016,0,,,,0.791519435,2,Intra,Linum perenne,0.0118,0.0566
244,587,Poa secunda,none,six,I07,Control,8/2/2016,1,0.0005,0.0042,0.0047,0.893617021,1,Con,None,,
544,231,Linum lewisii,sp1,three,C11,Forb_comp,9/8/2016,1,0.003,0.0109,0.0139,0.784172662,2,Inter,Helianthus annuus,0.0194,0.0303
196,351,Linum lewisii,none,four,E11,Control,8/2/2016,1,0.0058,0.0088,0.0146,0.602739726,1,Con,None,,
540,102,Linum lewisii,sp1,two,A02,Forb_comp,9/8/2016,1,0.0026,0.013,0.0156,0.833333333,2,Inter,Helianthus annuus,0.022,0.035
406,334,Achillea millefolium,sp1,four,C14,Grass_comp,8/11/2016,1,0.0001,0.018,0.0181,0.994475138,2,Inter,Pascopyrum smithii,,
227,501,Linum lewisii,none,six,A01,Control,8/2/2016,1,0.0079,0.0103,0.0182,0.565934066,1,Con,None,,
520,471,Linum perenne,sp1,five,G11,Forb_comp,8/31/2016,1,0.0042,0.0178,0.022,0.809090909,2,Inter,Helianthus annuus,0.0436,0.0614
480,236,Machaeranthera canescens,none,three,C16,Control,8/31/2016,1,0.0076,0.0167,0.0243,0.687242798,1,Con,None,,
27,54,Linum lewisii,sp1,one,E14,Monoculture,7/27/2016,1,0.0069,0.0239,0.0308,0.775974026,2,Intra,Linum lewisii,0.0074,0.0313
456,354,Helianthus annuus,sp1,four,E14,Monoculture,8/25/2016,1,0.004,0.0272,0.0312,0.871794872,2,Intra,Helianthus annuus,0.0233,0.0505
150,511,Linum perenne,none,six,A11,Control,7/27/2016,1,0.0145,0.0183,0.0328,0.557926829,1,Con,None,,
449,233,Helianthus annuus,none,three,C13,Control,8/25/2016,1,0.0296,0.0037,0.0333,0.111111111,1,Con,None,,
352,71,Linum perenne,sp1,one,G11,Grass_comp,8/11/2016,1,0.0002,0.0363,0.0365,0.994520548,2,Inter,Pascopyrum smithii,0.0771,0.1134
66,175,Linum perenne,none,two,G15,Control,7/27/2016,1,0.0126,0.0284,0.041,0.692682927,1,Con,None,,
370,133,Achillea millefolium,sp1,two,C13,Grass_comp,8/11/2016,1,0.0078,0.0376,0.0454,0.828193833,2,Inter,Pascopyrum smithii,0.0577,0.0953
483,248,Linum perenne,sp1,three,E08,Forb_comp,8/31/2016,1,0.0077,0.0404,0.0481,0.83991684,2,Inter,Helianthus annuus,0.0715,0.1119
113,361,Sporobolus airoides,sp1,four,G01,Monoculture,7/27/2016,1,0.0106,0.0393,0.0499,0.78757515,2,Intra,Sporobolus airoides,0.0442,0.0835
487,279,Linum perenne,sp1,three,G19,Forb_comp,8/31/2016,1,0.0037,0.0471,0.0508,0.927165354,2,Inter,Helianthus annuus,0.0519,0.099
462,8,Linum perenne,sp1,one,A08,Forb_comp,8/31/2016,1,0.0042,0.0472,0.0514,0.918287938,2,Inter,Helianthus annuus,0.0731,0.1203
337,569,Pascopyrum smithii,none,six,G09,Control,8/10/2016,1,0.0332,0.0187,0.0519,0.360308285,1,Con,None,,
21,41,Sporobolus airoides,sp1,one,E01,Monoculture,7/27/2016,1,0.0282,0.0248,0.053,0.467924528,2,Intra,Sporobolus airoides,0.0547,0.0795
448,203,Helianthus annuus,sp1,three,A03,Monoculture,8/25/2016,1,0.0288,0.0275,0.0563,0.488454707,2,Intra,Helianthus annuus,0.0558,0.0833
435,58,Helianthus annuus,sp1,one,E18,Monoculture,8/25/2016,1,0.0241,0.0326,0.0567,0.574955908,2,Intra,Helianthus annuus,0.0692,0.1018
394,283,Achillea millefolium,sp1,three,I03,Grass_comp,8/11/2016,1,0.0021,0.0572,0.0593,0.964586847,2,Inter,Pascopyrum smithii,0.0867,0.1439
84,254,Linum perenne,none,three,E14,Control,7/27/2016,1,0.0268,0.0339,0.0607,0.558484349,1,Con,None,,
392,266,Pascopyrum smithii,sp1,three,G06,Grass_comp,8/11/2016,1,0.0001,0.0631,0.0632,0.998417722,2,Inter,Poa secunda,0.089,0.1521
360,89,Achillea millefolium,sp1,one,I09,Grass_comp,8/11/2016,1,0.0091,0.0542,0.0633,0.856240126,2,Inter,Pascopyrum smithii,0.0636,0.1178
446,189,Helianthus annuus,sp1,two,I09,Monoculture,8/25/2016,1,0.032,0.0323,0.0643,0.502332815,2,Intra,Helianthus annuus,0.0626,0.0949
148,506,Linum perenne,sp1,six,A06,Monoculture,7/27/2016,1,0.0041,0.0615,0.0656,0.9375,2,Intra,Linum perenne,0.0069,0.0684
356,83,Achillea millefolium,sp1,one,I03,Grass_comp,8/11/2016,1,0.0138,0.0521,0.0659,0.790591806,2,Inter,Pascopyrum smithii,0.0774,0.1295
450,234,Helianthus annuus,none,three,C14,Monoculture,8/25/2016,1,0.0278,0.0386,0.0664,0.581325301,1,Con,None,,
366,114,Linum perenne,sp1,two,A14,Grass_comp,8/11/2016,0,0.0261,0.0409,0.067,0.610447761,2,Inter,Pascopyrum smithii,0,0
154,535,Sporobolus airoides,sp1,six,C15,Monoculture,7/27/2016,1,0.0126,0.0545,0.0671,0.812220566,2,Intra,Sporobolus airoides,0.0656,0.1201
412,366,Linum perenne,sp1,four,G06,Grass_comp,8/11/2016,1,0.0082,0.059,0.0672,0.87797619,2,Inter,Pascopyrum smithii,0.0805,0.1395
278,204,Pascopyrum smithii,sp1,three,A04,Monoculture,8/10/2016,1,0.0378,0.0317,0.0695,0.456115108,2,Intra,Pascopyrum smithii,0.0526,0.0843
458,369,Helianthus annuus,sp1,four,G09,Monoculture,8/25/2016,1,0.0401,0.0318,0.0719,0.442280946,2,Intra,Helianthus annuus,0.0449,0.0767
444,159,Helianthus annuus,sp1,two,E19,Monoculture,8/25/2016,1,0.0435,0.0289,0.0724,0.399171271,2,Intra,Helianthus annuus,,
378,160,Elymus trachycaulus,sp1,two,E20,Grass_comp,8/11/2016,1,0.0446,0.0289,0.0735,0.393197279,2,Inter,Pascopyrum smithii,,
422,588,Linum perenne,sp1,six,I08,Grass_comp,8/11/2016,1,0.006,0.0679,0.0739,0.918809202,2,Inter,Pascopyrum smithii,0.0564,0.1243
390,258,Linum perenne,sp1,three,E18,Grass_comp,8/11/2016,1,0.0118,0.0626,0.0744,0.841397849,2,Inter,Pascopyrum smithii,0.0452,0.1078
144,458,Achillea millefolium,sp1,five,E18,Monoculture,7/27/2016,1,0.022,0.0528,0.0748,0.705882353,2,Intra,Achillea millefolium,0.024,0.0768
42,122,Achillea millefolium,none,two,C02,Control,7/27/2016,1,0.041,0.0348,0.0758,0.459102902,1,Con,None,,
416,409,Linum perenne,sp1,five,A09,Grass_comp,8/11/2016,1,0.0236,0.0523,0.0759,0.689064559,2,Inter,Pascopyrum smithii,0.0295,0.0818
428,12,Helianthus annuus,sp1,one,A12,Monoculture,8/25/2016,1,0.0488,0.0283,0.0771,0.367055772,2,Intra,Helianthus annuus,0.0632,0.0915
441,127,Helianthus annuus,none,two,C07,Control,8/25/2016,1,0.0471,0.0304,0.0775,0.392258065,1,Con,None,,
442,141,Helianthus annuus,none,two,E01,Control,8/25/2016,1,0.0467,0.031,0.0777,0.398970399,1,Con,None,,
97,275,Linum perenne,sp1,three,G15,Monoculture,7/27/2016,1,0.0182,0.0608,0.079,0.769620253,2,Intra,Linum perenne,0.0205,0.0813
2,5,Linum perenne,sp1,one,A05,Monoculture,7/27/2016,1,0.0088,0.0706,0.0794,0.889168766,2,Intra,Linum perenne,0.0153,0.0625
39,111,Linum perenne,sp1,two,A11,Monoculture,7/27/2016,1,0.0139,0.0655,0.0794,0.824937028,2,Intra,Linum perenne,0.0144,0.0799
87,263,Sporobolus airoides,sp1,three,G03,Monoculture,7/27/2016,1,0.019,0.061,0.08,0.7625,2,Intra,Sporobolus airoides,0.0535,0.1145
414,378,Linum perenne,sp1,four,G18,Grass_comp,8/11/2016,1,0.0129,0.0677,0.0806,0.839950372,2,Inter,Pascopyrum smithii,0.0443,0.112
439,110,Helianthus annuus,sp1,two,A10,Monoculture,8/25/2016,1,0.042,0.0437,0.0857,0.50991832,2,Intra,Helianthus annuus,0.0469,0.0906
450,234,Helianthus annuus,none,three,C14,Monoculture,8/25/2016,1,0.0489,0.0386,0.0875,0.441142857,1,Intra,Helianthus annuus,0.0489,0.0875
157,544,Sporobolus airoides,sp1,six,E04,Monoculture,7/27/2016,1,0.0301,0.0578,0.0879,0.657565415,2,Intra,Sporobolus airoides,0.0455,0.1033
283,271,Pascopyrum smithii,none,three,G11,Control,8/10/2016,1,0.0617,0.028,0.0897,0.312151616,1,Con,None,,
418,482,Linum perenne,sp1,five,I02,Grass_comp,8/11/2016,1,0.019,0.0756,0.0946,0.799154334,2,Inter,Pascopyrum smithii,0.0671,0.1427
453,320,Helianthus annuus,none,four,A20,Monoculture,8/25/2016,1,0.0278,0.0692,0.097,0.713402062,1,Con,None,,
51,138,Linum perenne,sp1,two,C18,Monoculture,7/27/2016,1,0.0168,0.0837,0.1005,0.832835821,2,Intra,Linum perenne,0.026,0.1097
282,239,Pascopyrum smithii,sp1,three,C19,Monoculture,8/10/2016,1,0.0333,0.069,0.1023,0.674486804,2,Intra,Pascopyrum smithii,0.066,0.135
7,11,Linum perenne,sp1,one,A11,Monoculture,7/27/2016,1,0.0184,0.0866,0.105,0.824761905,2,Intra,Linum perenne,0.0247,0.1113
159,576,Sporobolus airoides,none,six,G16,Control,7/27/2016,1,0.0577,0.0481,0.1058,0.45463138,1,Con,None,,
336,557,Pascopyrum smithii,sp1,six,E17,Monoculture,8/10/2016,1,0.0497,0.0583,0.108,0.539814815,2,Intra,Pascopyrum smithii,0.0662,0.1245
437,73,Helianthus annuus,sp1,one,G13,Monoculture,8/25/2016,1,0.052,0.057,0.109,0.52293578,2,Intra,Helianthus annuus,0.0633,0.1203
389,252,Pascopyrum smithii,sp1,three,E12,Grass_comp,8/11/2016,1,0.0347,0.0801,0.1148,0.697735192,2,Inter,Elymus trachycaulus,0.0417,0.1218
53,140,Sporobolus airoides,sp1,two,C20,Monoculture,7/27/2016,1,0.0234,0.0952,0.1186,0.802698145,2,Intra,Sporobolus airoides,0.0845,0.1797
453,320,Helianthus annuus,none,four,A20,Monoculture,8/25/2016,1,0.0495,0.0692,0.1187,0.582982308,1,Intra,Helianthus annuus,0.0495,0.1187
117,368,Sporobolus airoides,none,four,G08,Control,7/27/2016,1,0.059,0.0645,0.1235,0.522267206,1,Con,None,,
280,218,Pascopyrum smithii,none,three,A18,Control,8/10/2016,1,0.0624,0.0615,0.1239,0.496368039,1,Con,None,,
338,570,Pascopyrum smithii,sp1,six,G10,Monoculture,8/10/2016,1,0.045,0.0796,0.1246,0.638844302,2,Intra,Pascopyrum smithii,0.0668,0.1464
79,227,Sporobolus airoides,none,three,C07,Control,7/27/2016,1,0.0118,0.1134,0.1252,0.905750799,1,Con,None,,
341,575,Elymus trachycaulus,sp1,six,G15,Monoculture,8/10/2016,1,0.021,0.1043,0.1253,0.832402235,2,Intra,Elymus trachycaulus,0.0212,0.1255
116,364,Sporobolus airoides,sp1,four,G04,Monoculture,7/27/2016,1,0.0288,0.0994,0.1282,0.775351014,2,Intra,Sporobolus airoides,0.0473,0.1467
54,144,Sporobolus airoides,none,two,E04,Control,7/27/2016,1,0.0743,0.0541,0.1284,0.421339564,1,Con,None,,
140,452,Achillea millefolium,none,five,E12,Control,7/27/2016,1,0.0626,0.08,0.1426,0.561009818,1,Con,None,,
32,77,Sporobolus airoides,none,one,G17,Control,7/27/2016,1,0.0746,0.07,0.1446,0.484094053,1,Con,None,,
73,201,Sporobolus airoides,none,three,A01,Control,7/27/2016,1,0.065,0.0837,0.1487,0.562878278,1,Con,None,,
269,121,Pascopyrum smithii,sp1,two,C01,Monoculture,8/10/2016,1,0.0499,0.101,0.1509,0.669317429,2,Intra,Pascopyrum smithii,0.0633,0.1643
23,50,Sporobolus airoides,sp1,one,E10,Monoculture,7/27/2016,1,0.0552,0.098,0.1532,0.639686684,2,Intra,Sporobolus airoides,0.0693,0.1673
284,274,Elymus trachycaulus,sp1,three,G14,Monoculture,8/10/2016,1,0.04,0.1138,0.1538,0.739921977,2,Intra,Elymus trachycaulus,0.0428,0.1566
342,578,Pascopyrum smithii,none,six,G18,Control,8/10/2016,1,0.078,0.08,0.158,0.506329114,1,Con,None,,
396,293,Linum perenne,sp1,three,I13,Grass_comp,8/11/2016,1,0.0438,0.1221,0.1659,0.735985533,2,Inter,Pascopyrum smithii,0.1082,0.2303
56,146,Sporobolus airoides,none,two,E06,Control,7/27/2016,1,0.0846,0.0924,0.177,0.522033898,1,Con,None,,
290,288,Elymus trachycaulus,none,three,I08,Control,8/10/2016,1,0.0874,0.1196,0.207,0.577777778,1,Con,None,,
468,93,Linum perenne,sp1,one,I13,Forb_comp,8/31/2016,1,0.005,0.602,0.607,0.991762768,2,Inter,Helianthus annuus,0.0455,0.1057
162,1,Poa secunda,none,one,A01,Control,8/2/2016,0,,,,,1,Con,None,,
3,7,Linum lewisii,none,one,A07,Control,7/27/2016,0,,,,,1,Con,None,,
256,15,Pascopyrum smithii,none,one,A15,Control,8/10/2016,0,,,,,1,Con,None,,
8,17,Linum lewisii,none,one,A17,Control,7/27/2016,0,,,,,1,Con,None,,
9,18,Linum perenne,none,one,A18,Control,7/27/2016,0,,,,,1,Con,None,,
12,21,Linum perenne,none,one,C01,Control,7/27/2016,0,,,,,1,Con,None,,
431,22,Helianthus annuus,none,one,C02,Control,8/25/2016,0,,,,,1,Con,None,,
13,23,Achillea millefolium,none,one,C03,Control,7/27/2016,0,,,,,1,Con,None,,
432,26,Helianthus annuus,none,one,C06,Control,8/25/2016,0,,,,,1,Con,None,,
433,28,Helianthus annuus,none,one,C08,Control,8/25/2016,0,,,,,1,Con,None,,
259,31,Elymus trachycaulus,none,one,C11,Control,8/10/2016,0,,,,,1,Con,None,,
260,34,Elymus trachycaulus,none,one,C14,Control,8/10/2016,0,,,,,1,Con,None,,
20,39,Machaeranthera canescens,none,one,C19,Control,7/27/2016,0,,,,,1,Con,None,,
434,46,Helianthus annuus,none,one,E06,Control,8/25/2016,0,,,,,1,Con,None,,
25,52,Achillea millefolium,none,one,E12,Control,7/27/2016,0,,,,,1,Con,None,,
33,78,Machaeranthera canescens,none,one,G18,Control,7/27/2016,0,,,,,1,Con,None,,
265,91,Pascopyrum smithii,none,one,I11,Control,8/10/2016,0,,,,,1,Con,None,,
424,96,Poa secunda,none,one,I16,Control,8/12/2016,0,,,,,1,Con,None,,
34,99,Achillea millefolium,none,one,I19,Control,7/27/2016,0,,,,,1,Con,None,,
35,106,Machaeranthera canescens,none,two,A06,Control,7/27/2016,0,,,,,1,Con,None,,
167,108,Poa secunda,none,two,A08,Control,8/2/2016,0,,,,,1,Con,None,,
40,113,Linum perenne,none,two,A13,Control,7/27/2016,1,,,,,1,Con,None,,
266,116,Pascopyrum smithii,none,two,A16,Control,8/10/2016,0,,,,,1,Con,None,,
41,117,Achillea millefolium,none,two,A17,Control,7/27/2016,0,,,,,1,Con,None,,
267,119,Elymus trachycaulus,none,two,A19,Control,8/10/2016,0,,,,,1,Con,None,,
597,120,Helianthus annuus,none,two,A20,Control,,,,,,,,,None,,
47,134,Linum lewisii,none,two,C14,Control,7/27/2016,0,,,,,1,Con,None,,
55,145,Machaeranthera canescens,none,two,E05,Control,7/27/2016,0,,,,,1,Con,None,,
272,156,Elymus trachycaulus,none,two,E16,Control,8/10/2016,0,,,,,1,Con,None,,
273,165,Pascopyrum smithii,none,two,G05,Control,8/10/2016,0,,,,,1,Con,None,,
65,174,Linum lewisii,none,two,G14,Control,7/27/2016,0,,,,,1,Con,None,,
425,177,Poa secunda,none,two,G17,Control,8/21/2016,0,,,,,1,Con,None,,
172,185,Machaeranthera canescens,none,two,I05,Control,8/2/2016,0,,,,,1,Con,None,,
69,187,Linum lewisii,none,two,I07,Control,7/27/2016,0,,,,,1,Con,None,,
72,193,Linum perenne,none,two,I13,Control,7/27/2016,0,,,,,1,Con,None,,
74,208,Achillea millefolium,none,three,A08,Control,7/27/2016,0,,,,,1,Con,None,,
478,232,Machaeranthera canescens,none,three,C12,Control,8/31/2016,0,,,,,1,Con,None,,
479,232,Machaeranthera canescens,none,three,C12,Control,8/31/2016,0,,,,,1,Con,None,,
80,238,Linum lewisii,none,three,C18,Control,7/27/2016,0,,,,,1,Con,None,,
81,241,Linum perenne,none,three,E01,Control,7/27/2016,0,,,,,1,Con,None,,
82,242,Achillea millefolium,none,three,E02,Control,7/27/2016,0,,,,,1,Con,None,,
481,245,Poa secunda,none,three,E05,Control,8/31/2016,0,,,,,1,Con,None,,
83,249,Achillea millefolium,none,three,E09,Control,7/27/2016,0,,,,,1,Con,None,,
181,276,Poa secunda,none,three,G16,Control,8/2/2016,0,,,,,1,Con,None,,
103,299,Linum lewisii,none,three,I19,Control,7/27/2016,0,,,,,1,Con,None,,
182,301,Poa secunda,none,four,A01,Control,8/2/2016,0,,,,,1,Con,None,,
664,302,Machaeranthera canescens,none,four,A02,Control,,,,,,,,,None,,
183,308,Poa secunda,none,four,A08,Control,8/2/2016,0,,,,,1,Con,None,,
184,311,Poa secunda,none,four,A11,Control,8/2/2016,0,,,,,1,Con,None,,
106,319,Sporobolus airoides,none,four,A19,Control,7/27/2016,0,,,,,1,Con,None,,
291,321,Pascopyrum smithii,none,four,C01,Control,8/10/2016,0,,,,,1,Con,None,,
294,332,Pascopyrum smithii,none,four,C12,Control,8/10/2016,0,,,,,1,Con,None,,
297,341,Elymus trachycaulus,none,four,E01,Control,8/10/2016,0,,,,,1,Con,None,,
454,343,Helianthus annuus,none,four,E03,Control,8/25/2016,0,,,,,1,Con,None,,
195,346,Linum lewisii,none,four,E06,Control,8/2/2016,0,,,,,1,Con,None,,
111,353,Sporobolus airoides,none,four,E13,Control,7/27/2016,0,,,,,1,Con,None,,
112,356,Linum perenne,none,four,E16,Control,7/27/2016,0,,,,,1,Con,None,,
302,372,Elymus trachycaulus,none,four,G12,Control,8/10/2016,0,,,,,1,Con,None,,
120,392,Achillea millefolium,none,four,I12,Control,7/27/2016,0,,,,,1,Con,None,,
123,395,Achillea millefolium,none,four,I15,Control,7/27/2016,0,,,,,1,Con,None,,
510,397,Machaeranthera canescens,none,four,I17,Control,8/31/2016,0,,,,,1,Con,None,,
124,399,Linum perenne,none,four,I19,Control,7/27/2016,0,,,,,1,Con,None,,
199,401,Machaeranthera canescens,none,five,A01,Control,8/2/2016,0,,,,,1,Con,None,,
125,403,Sporobolus airoides,none,five,A03,Control,7/27/2016,0,,,,,1,Con,None,,
305,404,Pascopyrum smithii,none,five,A04,Control,8/10/2016,0,,,,,1,Con,None,,
128,410,Linum perenne,none,five,A10,Control,7/27/2016,0,,,,,1,Con,None,,
202,412,Linum lewisii,none,five,A12,Control,8/2/2016,0,,,,,1,Con,None,,
721,417,Helianthus annuus,none,five,A17,Control,,,,,,,,,None,,
308,421,Elymus trachycaulus,none,five,C01,Control,8/10/2016,0,,,,,1,Con,None,,
133,427,Sporobolus airoides,none,five,C07,Control,7/27/2016,0,,,,,1,Con,None,,
736,436,Elymus trachycaulus,none,five,C16,Control,,,,,,,1,Con,None,,
739,438,Helianthus annuus,none,five,C18,Control,,,,,,,1,Con,None,,
209,440,Machaeranthera canescens,none,five,C20,Control,8/2/2016,0,,,,,1,Con,None,,
210,444,Poa secunda,none,five,E04,Control,8/2/2016,0,,,,,1,Con,None,,
138,447,Linum perenne,none,five,E07,Control,7/27/2016,0,,,,,1,Con,None,,
742,449,Sporobolus airoides,none,five,E09,Control,,,,,,,,,None,,
139,450,Achillea millefolium,none,five,E10,Control,7/27/2016,0,,,,,1,Con,None,,
311,455,Pascopyrum smithii,none,five,E15,Control,8/10/2016,0,,,,,1,Con,None,,
211,456,Linum lewisii,none,five,E16,Control,8/2/2016,0,,,,,1,Con,None,,
143,457,Linum perenne,none,five,E17,Control,7/27/2016,0,,,,,1,Con,None,,
312,472,Pascopyrum smithii,none,five,G12,Control,8/10/2016,0,,,,,1,Con,None,,
220,476,Linum lewisii,none,five,G16,Control,8/2/2016,0,,,,,1,Con,None,,
221,478,Poa secunda,none,five,G18,Control,8/2/2016,0,,,,,1,Con,None,,
222,487,Machaeranthera canescens,none,five,I07,Control,8/2/2016,0,,,,,1,Con,None,,
317,488,Elymus trachycaulus,none,five,I08,Control,8/10/2016,0,,,,,1,Con,None,,
228,502,Achillea millefolium,none,six,A02,Control,8/2/2016,0,,,,,1,Con,None,,
323,513,Elymus trachycaulus,none,six,A13,Control,8/10/2016,0,,,,,1,Con,None,,
151,514,Linum perenne,none,six,A14,Control,7/27/2016,0,,,,,1,Con,None,,
326,520,Pascopyrum smithii,none,six,A20,Control,8/10/2016,0,,,,,1,Con,None,,
233,524,Machaeranthera canescens,none,six,C04,Control,8/2/2016,0,,,,,1,Con,None,,
327,526,Elymus trachycaulus,none,six,C06,Control,8/10/2016,0,,,,,1,Con,None,,
234,527,Machaeranthera canescens,none,six,C07,Control,8/2/2016,0,,,,,1,Con,None,,
237,534,Achillea millefolium,none,six,C14,Control,8/2/2016,0,,,,,1,Con,None,,
156,537,Sporobolus airoides,none,six,C17,Control,7/27/2016,0,,,,,1,Con,None,,
328,541,Pascopyrum smithii,none,six,E01,Control,8/10/2016,0,,,,,1,Con,None,,
796,547,Helianthus annuus,none,six,E07,Control,,,,,,,,,None,,
238,568,Poa secunda,none,six,G08,Control,8/2/2016,0,,,,,1,Con,None,,
829,583,Helianthus annuus,none,six,I03,Control,,,,,,,,,None,,
241,584,Poa secunda,none,six,I04,Control,8/2/2016,0,,,,,1,Con,None,,
245,589,Linum lewisii,none,six,I09,Control,8/2/2016,0,,,,,1,Con,None,,
343,600,Elymus trachycaulus,none,six,I20,Control,8/10/2016,0,,,,,1,Con,None,,
344,3,Linum perenne,sp1,one,A03,Grass_comp,8/11/2016,0,,,,,2,Inter,Pascopyrum smithii,,
459,6,Helianthus annuus,sp1,one,A06,Forb_comp,8/31/2016,0,,,,,2,Inter,Linum perenne,,
163,9,Poa secunda,sp1,one,A09,Monoculture,8/2/2016,0,,,,,2,Intra,Poa secunda,,
4,10,Linum lewisii,sp1,one,A10,Monoculture,7/27/2016,0,,,,,2,Intra,Linum lewisii,,
429,13,Helianthus annuus,sp1,one,A13,Monoculture,8/25/2016,0,,,,,2,Intra,Helianthus annuus,,
254,14,Pascopyrum smithii,sp1,one,A14,Monoculture,8/10/2016,0,,,,,2,Intra,Pascopyrum smithii,,
561,16,Pascopyrum smithii,sp1,one,A16,Grass_comp,,,,,,,,,Sporobolus airoides,,
257,25,Pascopyrum smithii,sp1,one,C05,Monoculture,8/10/2016,0,,,,,2,Intra,Pascopyrum smithii,,
14,27,Machaeranthera canescens,sp1,one,C07,Monoculture,7/27/2016,0,,,,,2,Intra,Machaeranthera canescens,,
16,30,Achillea millefolium,sp1,one,C10,Monoculture,7/27/2016,0,,,,,2,Intra,Achillea millefolium,,
563,32,Helianthus annuus,sp1,one,C12,Forb_comp,,,,,,,,,Sporobolus airoides,,
565,36,Helianthus annuus,sp1,one,C16,Forb_comp,,,,,,,,,Sporobolus airoides,,
346,40,Pascopyrum smithii,sp1,one,C20,Grass_comp,8/11/2016,0,,,,,2,Inter,Poa secunda,,
261,44,Elymus trachycaulus,sp1,one,E04,Monoculture,8/10/2016,0,,,,,2,Intra,Elymus trachycaulus,,
567,45,Elymus trachycaulus,sp1,one,E05,Grass_comp,,,,,,,,,Pascopyrum smithii,,
569,47,Pascopyrum smithii,sp1,one,E07,Grass_comp,,,,,,,,,Sporobolus airoides,,
571,51,Pascopyrum smithii,sp1,one,E11,Grass_comp,,,,,,,,,Sporobolus airoides,,
573,53,Achillea millefolium,sp1,one,E13,Forb_comp,,,,,,,,,Helianthus annuus,,
575,55,Linum lewisii,sp1,one,E15,Grass_comp,,,,,,,,,Pascopyrum smithii,,
577,57,Machaeranthera canescens,sp1,one,E17,Grass_comp,,,,,,,,,Pascopyrum smithii,,
579,59,Machaeranthera canescens,sp1,one,E19,Grass_comp,,,,,,,,,Pascopyrum smithii,,
28,60,Achillea millefolium,sp1,one,E20,Monoculture,7/27/2016,0,,,,,2,Intra,Achillea millefolium,,
30,63,Machaeranthera canescens,sp1,one,G03,Monoculture,7/27/2016,0,,,,,2,Intra,Machaeranthera canescens,,
581,64,Elymus trachycaulus,sp1,one,G04,Forb_comp,,,,,,,,,Helianthus annuus,,
463,65,Helianthus annuus,sp1,one,G05,Forb_comp,8/31/2016,0,,,,,2,Inter,Poa secunda,,
348,67,Achillea millefolium,sp1,one,G07,Grass_comp,8/11/2016,0,,,,,2,Inter,Pascopyrum smithii,,
350,68,Pascopyrum smithii,sp1,one,G08,Grass_comp,8/11/2016,0,,,,,2,Inter,Poa secunda,,
583,69,Elymus trachycaulus,sp1,one,G09,Forb_comp,,,,,,,,,Helianthus annuus,,
535,70,Helianthus annuus,sp1,one,G10,Forb_comp,9/8/2016,0,,,,,2,Inter,Linum lewisii,,
585,72,Helianthus annuus,sp1,one,G12,Forb_comp,,,,,,,,,Machaeranthera canescens,,
354,74,Linum perenne,sp1,one,G14,Grass_comp,8/11/2016,0,,,,,2,Inter,Pascopyrum smithii,,
587,79,Achillea millefolium,sp1,one,G19,Forb_comp,,,,,,,,,Helianthus annuus,,
465,80,Helianthus annuus,sp1,one,G20,Forb_comp,8/31/2016,0,,,,,2,Inter,Poa secunda,,
263,81,Elymus trachycaulus,sp1,one,I01,Monoculture,8/10/2016,0,,,,,2,Intra,Elymus trachycaulus,,
589,82,Linum lewisii,sp1,one,I02,Grass_comp,,,,,,,,,Pascopyrum smithii,,
591,84,Helianthus annuus,sp1,one,I04,Forb_comp,,,,,,,,,Machaeranthera canescens,,
537,85,Helianthus annuus,sp1,one,I05,Forb_comp,9/8/2016,0,,,,,2,Inter,Linum lewisii,,
593,86,Achillea millefolium,sp1,one,I06,Forb_comp,,,,,,,,,Helianthus annuus,,
358,88,Linum perenne,sp1,one,I08,Grass_comp,8/11/2016,0,,,,,2,Inter,Pascopyrum smithii,,
362,95,Elymus trachycaulus,sp1,one,I15,Grass_comp,8/11/2016,0,,,,,2,Inter,Pascopyrum smithii,,
165,100,Poa secunda,sp1,one,I20,Monoculture,8/2/2016,0,,,,,2,Intra,Poa secunda,,
595,104,Elymus trachycaulus,sp1,two,A04,Forb_comp,,,,,,,,,Helianthus annuus,,
36,109,Achillea millefolium,sp1,two,A09,Monoculture,7/27/2016,0,,,,,2,Intra,Achillea millefolium,,
364,112,Pascopyrum smithii,sp1,two,A12,Grass_comp,8/11/2016,0,,,,,2,Inter,Poa secunda,,
43,124,Achillea millefolium,sp1,two,C04,Monoculture,7/27/2016,0,,,,,2,Intra,Achillea millefolium,,
598,125,Achillea millefolium,sp1,two,C05,Forb_comp,,,,,,,,,Helianthus annuus,,
600,126,Linum lewisii,sp1,two,C06,Grass_comp,,,,,,,,,Pascopyrum smithii,,
45,128,Linum perenne,sp1,two,C08,Monoculture,7/27/2016,0,,,,,2,Intra,Linum perenne,,
368,131,Elymus trachycaulus,sp1,two,C11,Grass_comp,8/11/2016,0,,,,,2,Inter,Pascopyrum smithii,,
48,136,Achillea millefolium,sp1,two,C16,Monoculture,7/27/2016,0,,,,,2,Intra,Achillea millefolium,,
270,137,Pascopyrum smithii,sp1,two,C17,Monoculture,8/10/2016,0,,,,,2,Intra,Pascopyrum smithii,,
602,139,Elymus trachycaulus,sp1,two,C19,Forb_comp,,,,,,,,,Helianthus annuus,,
604,142,Helianthus annuus,sp1,two,E02,Forb_comp,,,,,,,,,Sporobolus airoides,,
372,147,Pascopyrum smithii,sp1,two,E07,Grass_comp,8/11/2016,0,,,,,2,Inter,Poa secunda,,
57,149,Linum lewisii,sp1,two,E09,Monoculture,7/27/2016,0,,,,,2,Intra,Linum lewisii,,
374,150,Achillea millefolium,sp1,two,E10,Grass_comp,8/11/2016,0,,,,,2,Inter,Pascopyrum smithii,,
168,151,Poa secunda,sp1,two,E11,Monoculture,8/2/2016,0,,,,,2,Intra,Poa secunda,,
376,155,Linum perenne,sp1,two,E15,Grass_comp,8/11/2016,0,,,,,2,Inter,Pascopyrum smithii,,
606,157,Achillea millefolium,sp1,two,E17,Forb_comp,,,,,,,,,Helianthus annuus,,
608,158,Helianthus annuus,sp1,two,E18,Forb_comp,,,,,,,,,Machaeranthera canescens,,
610,161,Helianthus annuus,sp1,two,G01,Forb_comp,,,,,,,,,Sporobolus airoides,,
612,162,Linum lewisii,sp1,two,G02,Grass_comp,,,,,,,,,Pascopyrum smithii,,
61,163,Machaeranthera canescens,sp1,two,G03,Monoculture,7/27/2016,0,,,,,2,Intra,Machaeranthera canescens,,
380,164,Achillea millefolium,sp1,two,G04,Grass_comp,8/11/2016,0,,,,,2,Inter,Pascopyrum smithii,,
614,167,Pascopyrum smithii,sp1,two,G07,Grass_comp,,,,,,,,,Sporobolus airoides,,
170,172,Machaeranthera canescens,sp1,two,G12,Monoculture,8/2/2016,0,,,,,2,Intra,Machaeranthera canescens,,
274,173,Elymus trachycaulus,sp1,two,G13,Monoculture,8/10/2016,0,,,,,2,Intra,Elymus trachycaulus,,
616,176,Helianthus annuus,sp1,two,G16,Forb_comp,,,,,,,,,Machaeranthera canescens,,
426,178,Helianthus annuus,sp1,two,G18,Forb_comp,8/21/2016,0,,,,,2,Inter,Linum perenne,,
67,186,Achillea millefolium,sp1,two,I06,Monoculture,7/27/2016,0,,,,,2,Intra,Achillea millefolium,,
618,192,Achillea millefolium,sp1,two,I12,Forb_comp,,,,,,,,,Helianthus annuus,,
276,194,Elymus trachycaulus,sp1,two,I14,Monoculture,8/10/2016,0,,,,,2,Intra,Elymus trachycaulus,,
620,195,Pascopyrum smithii,sp1,two,I15,Grass_comp,,,,,,,,,Sporobolus airoides,,
173,197,Poa secunda,sp1,two,I17,Monoculture,8/2/2016,0,,,,,2,Intra,Poa secunda,,
622,198,Machaeranthera canescens,sp1,two,I18,Grass_comp,,,,,,,,,Pascopyrum smithii,,
175,199,Machaeranthera canescens,sp1,two,I19,Monoculture,8/2/2016,0,,,,,2,Intra,Machaeranthera canescens,,
624,200,Machaeranthera canescens,sp1,two,I20,Grass_comp,,,,,,,,,Pascopyrum smithii,,
626,205,Achillea millefolium,sp1,three,A05,Forb_comp,,,,,,,,,Helianthus annuus,,
628,207,Helianthus annuus,sp1,three,A07,Forb_comp,,,,,,,,,Sporobolus airoides,,
630,210,Pascopyrum smithii,sp1,three,A10,Grass_comp,,,,,,,,,Sporobolus airoides,,
632,211,Helianthus annuus,sp1,three,A11,Forb_comp,,,,,,,,,Machaeranthera canescens,,
75,213,Linum lewisii,sp1,three,A13,Monoculture,7/27/2016,0,,,,,2,Intra,Linum lewisii,,
634,214,Elymus trachycaulus,sp1,three,A14,Forb_comp,,,,,,,,,Helianthus annuus,,
177,219,Poa secunda,sp1,three,A19,Monoculture,8/2/2016,0,,,,,2,Intra,Poa secunda,,
636,222,Elymus trachycaulus,sp1,three,C02,Forb_comp,,,,,,,,,Helianthus annuus,,
77,223,Linum lewisii,sp1,three,C03,Monoculture,7/27/2016,0,,,,,2,Intra,Linum lewisii,,
476,224,Machaeranthera canescens,sp1,three,C04,Monoculture,8/31/2016,0,,,,,2,Intra,Machaeranthera canescens,,
386,225,Achillea millefolium,sp1,three,C05,Grass_comp,8/11/2016,0,,,,,2,Inter,Pascopyrum smithii,,
638,226,Pascopyrum smithii,sp1,three,C06,Grass_comp,,,,,,,,,Sporobolus airoides,,
640,229,Helianthus annuus,sp1,three,C09,Forb_comp,,,,,,,,,Sporobolus airoides,,
642,237,Achillea millefolium,sp1,three,C17,Forb_comp,,,,,,,,,Helianthus annuus,,
644,244,Machaeranthera canescens,sp1,three,E04,Grass_comp,,,,,,,,,Pascopyrum smithii,,
646,246,Machaeranthera canescens,sp1,three,E06,Grass_comp,,,,,,,,,Pascopyrum smithii,,
179,247,Poa secunda,sp1,three,E07,Monoculture,8/2/2016,0,,,,,2,Intra,Poa secunda,,
648,250,Achillea millefolium,sp1,three,E10,Forb_comp,,,,,,,,,Helianthus annuus,,
650,253,Helianthus annuus,sp1,three,E13,Forb_comp,,,,,,,,,Machaeranthera canescens,,
652,259,Machaeranthera canescens,sp1,three,E19,Grass_comp,,,,,,,,,Pascopyrum smithii,,
654,260,Helianthus annuus,sp1,three,E20,Forb_comp,,,,,,,,,Machaeranthera canescens,,
85,261,Linum lewisii,sp1,three,G01,Monoculture,7/27/2016,0,,,,,2,Intra,Linum lewisii,,
484,262,Helianthus annuus,sp1,three,G02,Forb_comp,8/31/2016,0,,,,,2,Inter,Poa secunda,,
656,268,Helianthus annuus,sp1,three,G08,Forb_comp,,,,,,,,,Machaeranthera canescens,,
658,269,Elymus trachycaulus,sp1,three,G09,Forb_comp,,,,,,,,,Helianthus annuus,,
93,270,Helianthus annuus,sp1,three,G10,Forb_comp,7/27/2016,0,,,,,2,Inter,Linum lewisii,,
95,272,Achillea millefolium,sp1,three,G12,Monoculture,7/27/2016,0,,,,,2,Intra,Achillea millefolium,,
286,277,Linum lewisii,sp1,three,G17,Grass_comp,8/10/2016,0,,,,,2,Inter,Pascopyrum smithii,,
660,280,Linum lewisii,sp1,three,G20,Grass_comp,,,,,,,,,Pascopyrum smithii,,
488,281,Machaeranthera canescens,sp1,three,I01,Monoculture,8/31/2016,0,,,,,2,Intra,Machaeranthera canescens,,
101,291,Achillea millefolium,sp1,three,I11,Monoculture,7/27/2016,0,,,,,2,Intra,Achillea millefolium,,
490,292,Machaeranthera canescens,sp1,three,I12,Monoculture,8/31/2016,0,,,,,2,Intra,Machaeranthera canescens,,
492,294,Helianthus annuus,sp1,three,I14,Forb_comp,8/31/2016,0,,,,,2,Inter,Poa secunda,,
398,295,Elymus trachycaulus,sp1,three,I15,Grass_comp,8/11/2016,0,,,,,2,Inter,Pascopyrum smithii,,
662,297,Linum lewisii,sp1,three,I17,Grass_comp,,,,,,,,,Pascopyrum smithii,,
665,304,Pascopyrum smithii,sp1,four,A04,Grass_comp,,,,,,,,,Sporobolus airoides,,
494,305,Helianthus annuus,sp1,four,A05,Forb_comp,8/31/2016,0,,,,,2,Inter,Linum perenne,,
667,306,Helianthus annuus,sp1,four,A06,Forb_comp,,,,,,,,,Machaeranthera canescens,,
496,309,Helianthus annuus,sp1,four,A09,Forb_comp,8/31/2016,0,,,,,2,Inter,Linum perenne,,
104,310,Linum perenne,sp1,four,A10,Monoculture,7/27/2016,0,,,,,2,Intra,Linum perenne,,
549,312,Helianthus annuus,sp1,four,A12,Forb_comp,9/8/2016,0,,,,,2,Inter,Linum lewisii,,
400,313,Elymus trachycaulus,sp1,four,A13,Grass_comp,8/11/2016,0,,,,,2,Inter,Pascopyrum smithii,,
402,314,Achillea millefolium,sp1,four,A14,Grass_comp,8/11/2016,0,,,,,2,Inter,Pascopyrum smithii,,
498,315,Helianthus annuus,sp1,four,A15,Forb_comp,8/31/2016,0,,,,,2,Inter,Poa secunda,,
551,316,Helianthus annuus,sp1,four,A16,Forb_comp,9/8/2016,0,,,,,2,Inter,Linum lewisii,,
185,317,Linum lewisii,sp1,four,A17,Monoculture,8/2/2016,0,,,,,2,Intra,Linum lewisii,,
669,318,Linum lewisii,sp1,four,A18,Grass_comp,,,,,,,,,Pascopyrum smithii,,
187,323,Linum lewisii,sp1,four,C03,Monoculture,8/2/2016,0,,,,,2,Intra,Linum lewisii,,
671,325,Helianthus annuus,sp1,four,C05,Forb_comp,,,,,,,,,Sporobolus airoides,,
189,326,Poa secunda,sp1,four,C06,Monoculture,8/2/2016,0,,,,,2,Intra,Poa secunda,,
292,327,Pascopyrum smithii,sp1,four,C07,Monoculture,8/10/2016,0,,,,,2,Intra,Pascopyrum smithii,,
191,328,Poa secunda,sp1,four,C08,Monoculture,8/2/2016,0,,,,,2,Intra,Poa secunda,,
107,329,Linum perenne,sp1,four,C09,Monoculture,7/27/2016,0,,,,,2,Intra,Linum perenne,,
404,331,Elymus trachycaulus,sp1,four,C11,Grass_comp,8/11/2016,0,,,,,2,Inter,Pascopyrum smithii,,
673,333,Linum lewisii,sp1,four,C13,Grass_comp,,,,,,,,,Pascopyrum smithii,,
500,335,Helianthus annuus,sp1,four,C15,Forb_comp,8/31/2016,0,,,,,2,Inter,Poa secunda,,
675,336,Machaeranthera canescens,sp1,four,C16,Grass_comp,,,,,,,,,Pascopyrum smithii,,
295,339,Pascopyrum smithii,sp1,four,C19,Monoculture,8/10/2016,0,,,,,2,Intra,Pascopyrum smithii,,
677,340,Elymus trachycaulus,sp1,four,C20,Forb_comp,,,,,,,,,Helianthus annuus,,
193,342,Poa secunda,sp1,four,E02,Monoculture,8/2/2016,0,,,,,2,Intra,Poa secunda,,
109,344,Achillea millefolium,sp1,four,E04,Monoculture,7/27/2016,0,,,,,2,Intra,Achillea millefolium,,
298,345,Elymus trachycaulus,sp1,four,E05,Monoculture,8/10/2016,0,,,,,2,Intra,Elymus trachycaulus,,
408,347,Pascopyrum smithii,sp1,four,E07,Grass_comp,8/11/2016,0,,,,,,,Poa secunda,,
502,348,Machaeranthera canescens,sp1,four,E08,Monoculture,8/31/2016,0,,,,,2,Intra,Machaeranthera canescens,,
679,349,Helianthus annuus,sp1,four,E09,Forb_comp,,,,,,,,,Sporobolus airoides,,
681,350,Machaeranthera canescens,sp1,four,E10,Grass_comp,,,,,,,2,Inter,Pascopyrum smithii,,
410,355,Pascopyrum smithii,sp1,four,E15,Grass_comp,8/11/2016,0,,,,,2,Inter,Poa secunda,,
683,357,Achillea millefolium,sp1,four,E17,Forb_comp,,,,,,,,,Helianthus annuus,,
685,358,Elymus trachycaulus,sp1,four,E18,Grass_comp,,,,,,,,,Pascopyrum smithii,,
504,362,Machaeranthera canescens,sp1,four,G02,Monoculture,8/31/2016,0,,,,,2,Intra,Machaeranthera canescens,,
687,363,Elymus trachycaulus,sp1,four,G03,Grass_comp,,,,,,,,,Pascopyrum smithii,,
300,365,Elymus trachycaulus,sp1,four,G05,Monoculture,8/10/2016,0,,,,,2,Intra,Elymus trachycaulus,,
689,367,Elymus trachycaulus,sp1,four,G07,Forb_comp,,,,,,,,,Helianthus annuus,,
691,371,Machaeranthera canescens,sp1,four,G11,Grass_comp,,,,,,,,,Pascopyrum smithii,,
693,373,Linum lewisii,sp1,four,G13,Grass_comp,,,,,,,,,Pascopyrum smithii,,
695,374,Helianthus annuus,sp1,four,G14,Forb_comp,,,,,,,,,Machaeranthera canescens,,
303,375,Elymus trachycaulus,sp1,four,G15,Monoculture,8/10/2016,0,,,,,2,Intra,Elymus trachycaulus,,
697,376,Machaeranthera canescens,sp1,four,G16,Grass_comp,,,,,,,,,Pascopyrum smithii,,
699,381,Helianthus annuus,sp1,four,I01,Forb_comp,,,,,,,,,Machaeranthera canescens,,
701,383,Pascopyrum smithii,sp1,four,I03,Grass_comp,,,,,,,,,Sporobolus airoides,,
703,384,Pascopyrum smithii,sp1,four,I04,Grass_comp,,,,,,,,,Sporobolus airoides,,
506,386,Machaeranthera canescens,sp1,four,I06,Monoculture,8/31/2016,0,,,,,2,Intra,Machaeranthera canescens,,
705,387,Helianthus annuus,sp1,four,I07,Forb_comp,,,,,,,,,Sporobolus airoides,,
707,389,Helianthus annuus,sp1,four,I09,Forb_comp,,,,,,,,,Linum lewisii,,
709,390,Linum lewisii,sp1,four,I10,Grass_comp,,,,,,,,,Pascopyrum smithii,,
121,393,Achillea millefolium,sp1,four,I13,Monoculture,7/27/2016,0,,,,,2,Intra,Achillea millefolium,,
711,394,Elymus trachycaulus,sp1,four,I14,Forb_comp,,,,,,,,,Helianthus annuus,,
508,396,Helianthus annuus,sp1,four,I16,Forb_comp,8/31/2016,0,,,,,2,Inter,Poa secunda,,
713,398,Achillea millefolium,sp1,four,I18,Forb_comp,,,,,,,,,Helianthus annuus,,
715,400,Pascopyrum smithii,sp1,four,I20,Grass_comp,,,,,,,,,Poa secunda,,
717,406,Linum lewisii,sp1,five,A06,Grass_comp,,,,,,,,,Pascopyrum smithii,,
200,407,Machaeranthera canescens,sp1,five,A07,Monoculture,8/2/2016,0,,,,,2,Intra,Machaeranthera canescens,,
126,408,Linum perenne,sp1,five,A08,Monoculture,7/27/2016,0,,,,,2,Intra,Linum perenne,,
129,411,Linum perenne,sp1,five,A11,Monoculture,7/27/2016,0,,,,,2,Intra,Linum perenne,,
719,413,Pascopyrum smithii,sp1,five,A13,Grass_comp,,,,,,,,,Sporobolus airoides,,
203,414,Linum lewisii,sp1,five,A14,Monoculture,8/2/2016,0,,,,,2,Intra,Linum lewisii,,
511,415,Helianthus annuus,sp1,five,A15,Forb_comp,8/31/2016,0,,,,,2,Inter,Linum perenne,,
205,416,Poa secunda,sp1,five,A16,Monoculture,8/2/2016,0,,,,,2,Intra,Poa secunda,,
306,418,Elymus trachycaulus,sp1,five,A18,Monoculture,8/10/2016,0,,,,,2,Intra,Elymus trachycaulus,,
722,424,Pascopyrum smithii,sp1,five,C04,Grass_comp,,,,,,,,,Sporobolus airoides,,
131,425,Linum perenne,sp1,five,C05,Monoculture,7/27/2016,0,,,,,2,Intra,Linum perenne,,
724,426,Linum lewisii,sp1,five,C06,Grass_comp,,,,,,,,,Pascopyrum smithii,,
726,428,Achillea millefolium,sp1,five,C08,Grass_comp,,,,,,,,,Pascopyrum smithii,,
728,431,Helianthus annuus,sp1,five,C11,Monoculture,,,,,,,,,Helianthus annuus,,
730,432,Helianthus annuus,sp1,five,C12,Forb_comp,,,,,,,,,Sporobolus airoides,,
732,433,Pascopyrum smithii,sp1,five,C13,Grass_comp,,,,,,,,,Sporobolus airoides,,
734,434,Elymus trachycaulus,sp1,five,C14,Forb_comp,,,,,,,,,Helianthus annuus,,
207,435,Poa secunda,sp1,five,C15,Monoculture,8/2/2016,0,,,,,2,Intra,Poa secunda,,
737,437,Pascopyrum smithii,sp1,five,C17,Grass_comp,,,,,,,,,Poa secunda,,
553,439,Helianthus annuus,sp1,five,C19,Forb_comp,9/8/2016,0,,,,,2,Inter,Linum lewisii,,
136,441,Achillea millefolium,sp1,five,E01,Monoculture,7/27/2016,0,,,,,2,Intra,Achillea millefolium,,
513,442,Helianthus annuus,sp1,five,E02,Forb_comp,8/31/2016,0,,,,,2,Inter,Poa secunda,,
309,443,Elymus trachycaulus,sp1,five,E03,Grass_comp,8/10/2016,0,,,,,2,Inter,Pascopyrum smithii,,
515,445,Helianthus annuus,sp1,five,E05,Forb_comp,8/31/2016,0,,,,,2,Inter,Poa secunda,,
740,448,Achillea millefolium,sp1,five,E08,Forb_comp,,,,,,,,,Helianthus annuus,,
743,451,Helianthus annuus,sp1,five,E11,Forb_comp,,,,,,,,,Machaeranthera canescens,,
141,453,Sporobolus airoides,sp1,five,E13,Monoculture,7/27/2016,0,,,,,2,Intra,Sporobolus airoides,,
745,454,Machaeranthera canescens,sp1,five,E14,Grass_comp,,,,,,,,,Pascopyrum smithii,,
212,459,Machaeranthera canescens,sp1,five,E19,Monoculture,8/2/2016,0,,,,,2,Intra,Machaeranthera canescens,,
214,460,Poa secunda,sp1,five,E20,Monoculture,8/2/2016,0,,,,,2,Intra,Poa secunda,,
747,461,Achillea millefolium,sp1,five,G01,Forb_comp,,,,,,,,,Helianthus annuus,,
749,463,Helianthus annuus,sp1,five,G03,Monoculture,,,,,,,,,Helianthus annuus,,
216,464,Linum lewisii,sp1,five,G04,Monoculture,8/2/2016,0,,,,,2,Intra,Linum lewisii,,
751,465,Elymus trachycaulus,sp1,five,G05,Forb_comp,,,,,,,,,Helianthus annuus,,
753,469,Pascopyrum smithii,sp1,five,G09,Grass_comp,,,,,,,,,Poa secunda,,
517,470,Helianthus annuus,sp1,five,G10,Forb_comp,8/31/2016,0,,,,,2,Inter,Poa secunda,,
755,474,Elymus trachycaulus,sp1,five,G14,Forb_comp,,,,,,,,,Helianthus annuus,,
757,475,Helianthus annuus,sp1,five,G15,Forb_comp,,,,,,,,,Machaeranthera canescens,,
759,477,Helianthus annuus,sp1,five,G17,Forb_comp,,,,,,,,,Sporobolus airoides,,
313,479,Pascopyrum smithii,sp1,five,G19,Monoculture,8/10/2016,0,,,,,2,Intra,Pascopyrum smithii,,
761,480,Machaeranthera canescens,sp1,five,G20,Grass_comp,,,,,,,,,Pascopyrum smithii,,
555,483,Helianthus annuus,sp1,five,I03,Forb_comp,9/8/2016,0,,,,,2,Inter,Linum lewisii,,
763,484,Helianthus annuus,sp1,five,I04,Forb_comp,,,,,,,,,Sporobolus airoides,,
315,485,Pascopyrum smithii,sp1,five,I05,Monoculture,8/10/2016,0,,,,,2,Intra,Pascopyrum smithii,,
765,486,Elymus trachycaulus,sp1,five,I06,Grass_comp,,,,,,,,,Pascopyrum smithii,,
146,489,Sporobolus airoides,sp1,five,I09,Monoculture,7/27/2016,0,,,,,2,Intra,Sporobolus airoides,,
318,490,Elymus trachycaulus,sp1,five,I10,Monoculture,8/10/2016,0,,,,,2,Intra,Elymus trachycaulus,,
320,492,Elymus trachycaulus,sp1,five,I12,Monoculture,8/10/2016,0,,,,,2,Intra,Elymus trachycaulus,,
767,493,Elymus trachycaulus,sp1,five,I13,Grass_comp,,,,,,,,,Pascopyrum smithii,,
322,494,Pascopyrum smithii,sp1,five,I14,Monoculture,8/10/2016,0,,,,,2,Intra,Pascopyrum smithii,,
770,497,Pascopyrum smithii,sp1,five,I17,Grass_comp,,,,,,,,,Poa secunda,,
223,498,Machaeranthera canescens,sp1,five,I18,Monoculture,8/2/2016,0,,,,,2,Intra,Machaeranthera canescens,,
225,499,Poa secunda,sp1,five,I19,Monoculture,8/2/2016,0,,,,,2,Intra,Poa secunda,,
772,500,Achillea millefolium,sp1,five,I20,Grass_comp,,,,,,,,,Pascopyrum smithii,,
229,503,Machaeranthera canescens,sp1,six,A03,Monoculture,8/2/2016,0,,,,,2,Intra,Machaeranthera canescens,,
774,504,Pascopyrum smithii,sp1,six,A04,Grass_comp,,,,,,,,,Sporobolus airoides,,
776,505,Elymus trachycaulus,sp1,six,A05,Forb_comp,,,,,,,,,Helianthus annuus,,
778,508,Pascopyrum smithii,sp1,six,A08,Grass_comp,,,,,,,,,Poa secunda,,
780,512,Machaeranthera canescens,sp1,six,A12,Grass_comp,,,,,,,,,Pascopyrum smithii,,
324,515,Elymus trachycaulus,sp1,six,A15,Monoculture,8/10/2016,0,,,,,2,Intra,Elymus trachycaulus,,
782,516,Linum perenne,sp1,six,A16,Grass_comp,,,,,,,,,Pascopyrum smithii,,
523,518,Helianthus annuus,sp1,six,A18,Forb_comp,8/31/2016,0,,,,,2,Inter,Linum perenne,,
231,519,Linum lewisii,sp1,six,A19,Monoculture,8/2/2016,0,,,,,2,Intra,Linum lewisii,,
784,521,Sporobolus airoides,sp1,six,C01,Monoculture,,,,,,,,,Sporobolus airoides,,
786,522,Linum lewisii,sp1,six,C02,Grass_comp,,,,,,,,,Pascopyrum smithii,,
788,523,Helianthus annuus,sp1,six,C03,Forb_comp,,,,,,,,,Sporobolus airoides,,
525,525,Helianthus annuus,sp1,six,C05,Forb_comp,8/31/2016,0,,,,,2,Inter,Linum perenne,,
790,528,Helianthus annuus,sp1,six,C08,Forb_comp,,,,,,,,,Sporobolus airoides,,
527,529,Helianthus annuus,sp1,six,C09,Forb_comp,8/31/2016,0,,,,,2,Inter,Poa secunda,,
235,531,Machaeranthera canescens,sp1,six,C11,Monoculture,8/2/2016,0,,,,,2,Intra,Machaeranthera canescens,,
152,533,Linum perenne,sp1,six,C13,Monoculture,7/27/2016,0,,,,,2,Intra,Linum perenne,,
792,536,Helianthus annuus,sp1,six,C16,Monoculture,,,,,,,,,Helianthus annuus,,
794,540,Linum lewisii,sp1,six,C20,Grass_comp,,,,,,,,,Pascopyrum smithii,,
329,545,Pascopyrum smithii,sp1,six,E05,Monoculture,8/10/2016,0,,,,,2,Intra,Pascopyrum smithii,,
331,546,Pascopyrum smithii,sp1,six,E06,Monoculture,8/10/2016,0,,,,,2,Intra,Pascopyrum smithii,,
557,548,Helianthus annuus,sp1,six,E08,Forb_comp,9/8/2016,0,,,,,2,Inter,Linum lewisii,,
797,549,Achillea millefolium,sp1,six,E09,Forb_comp,,,,,,,,,Helianthus annuus,,
333,550,Elymus trachycaulus,sp1,six,E10,Monoculture,8/10/2016,0,,,,,2,Intra,Elymus trachycaulus,,
799,552,Pascopyrum smithii,sp1,six,E12,Grass_comp,,,,,,,,,Sporobolus airoides,,
420,554,Linum perenne,sp1,six,E14,Grass_comp,8/11/2016,0,,,,,2,Inter,Pascopyrum smithii,,
801,555,Elymus trachycaulus,sp1,six,E15,Grass_comp,,,,,,,,,Pascopyrum smithii,,
803,559,Achillea millefolium,sp1,six,E19,Grass_comp,,,,,,,,,Pascopyrum smithii,,
531,562,Helianthus annuus,sp1,six,G02,Forb_comp,8/31/2016,0,,,,,2,Inter,Poa secunda,,
805,563,Helianthus annuus,sp1,six,G03,Forb_comp,,,,,,,,,Machaeranthera canescens,,
807,564,Helianthus annuus,sp1,six,G04,Forb_comp,,,,,,,,,Machaeranthera canescens,,
809,565,Pascopyrum smithii,sp1,six,G05,Grass_comp,,,,,,,,,Poa secunda,,
811,566,Elymus trachycaulus,sp1,six,G06,Forb_comp,,,,,,,,,Helianthus annuus,,
813,567,Pascopyrum smithii,sp1,six,G07,Grass_comp,,,,,,,,,Sporobolus airoides,,
815,571,Elymus trachycaulus,sp1,six,G11,Forb_comp,,,,,,,,,Helianthus annuus,,
817,572,Helianthus annuus,sp1,six,G12,Monoculture,,,,,,,,,Helianthus annuus,,
239,573,Linum lewisii,sp1,six,G13,Monoculture,8/2/2016,0,,,,,2,Intra,Linum lewisii,,
819,574,Helianthus annuus,sp1,six,G14,Forb_comp,,,,,,,,,Sporobolus airoides,,
821,577,Achillea millefolium,sp1,six,G17,Grass_comp,,,,,,,,,Pascopyrum smithii,,
823,579,Elymus trachycaulus,sp1,six,G19,Grass_comp,,,,,,,,,Pascopyrum smithii,,
825,580,Machaeranthera canescens,sp1,six,G20,Grass_comp,,,,,,,,,Pascopyrum smithii,,
533,581,Helianthus annuus,sp1,six,I01,Forb_comp,8/31/2016,0,,,,,2,Inter,Linum perenne,,
827,582,Pascopyrum smithii,sp1,six,I02,Grass_comp,,,,,,,,,Poa secunda,,
242,586,Poa secunda,sp1,six,I06,Monoculture,8/2/2016,0,,,,,2,Intra,Poa secunda,,
246,590,Achillea millefolium,sp1,six,I10,Monoculture,8/2/2016,0,,,,,2,Intra,Achillea millefolium,,
248,591,Poa secunda,sp1,six,I11,Monoculture,8/2/2016,0,,,,,2,Intra,Poa secunda,,
830,592,Helianthus annuus,sp1,six,I12,Forb_comp,,,,,,,,,Sporobolus airoides,,
250,593,Poa secunda,sp1,six,I13,Monoculture,8/2/2016,0,,,,,2,Intra,Poa secunda,,
252,595,Achillea millefolium,sp1,six,I15,Monoculture,8/2/2016,0,,,,,2,Intra,Achillea millefolium,,
832,596,Achillea millefolium,sp1,six,I16,Forb_comp,,,,,,,,,Helianthus annuus,,
834,599,Elymus trachycaulus,sp1,six,I19,Grass_comp,,,,,,,,,Pascopyrum smithii,,
