"","sample","site","code","invasive_exposure","generation","maternal_line","block","shoot_mass","root_mass","height","leaf_count","leaf_width","tillers","fibrous_root_count","longest_fibrous_root","nonfibrous_root_count","longest_nonfibrous_root","trt","mat_line","root_length","total_mass","rmf","primary_root_count","sqrt_root_mass","sqrt_shoot_mass","asin_leaf_width","sqrt_total_mass"
"1",73,"Wyoming population 1","GB","yes","1st generation","M6",1,NA,NA,NA,NA,NA,NA,NA,NA,NA,NA,"WY1 GB in G1","M2",NA,NA,NA,NA,NA,NA,NA,NA
"2",74,"Wyoming population 1","GB","yes","1st generation","M6",2,NA,NA,NA,NA,NA,NA,NA,NA,NA,NA,"WY1 GB in G1","M2",NA,NA,NA,NA,NA,NA,NA,NA
"3",75,"Wyoming population 1","GB","yes","1st generation","M6",3,NA,NA,NA,NA,NA,NA,NA,NA,NA,NA,"WY1 GB in G1","M2",NA,NA,NA,NA,NA,NA,NA,NA
"4",76,"Wyoming population 1","GB","yes","1st generation","M6",4,NA,NA,NA,NA,NA,NA,NA,NA,NA,NA,"WY1 GB in G1","M2",NA,NA,NA,NA,NA,NA,NA,NA
"5",77,"Wyoming population 1","GB","yes","1st generation","M6",5,0.013,0.0023,7.3,6,0.1,2,1,10.7,2,1.6,"WY1 GB in G1","M2",10.7,0.0153,0.150326797385621,3,0.0479583152331272,0.114017542509914,0.10016742116156,0.12369316876853
"6",78,"Wyoming population 1","GB","yes","1st generation","M6",6,NA,NA,NA,NA,NA,NA,NA,NA,NA,NA,"WY1 GB in G1","M2",NA,NA,NA,NA,NA,NA,NA,NA
"7",79,"Wyoming population 1","GB","yes","1st generation","M6",1,NA,NA,NA,NA,NA,NA,NA,NA,NA,NA,"WY1 GB in G1","M2",NA,NA,NA,NA,NA,NA,NA,NA
"8",80,"Wyoming population 1","GB","yes","1st generation","M6",2,NA,NA,NA,NA,NA,NA,NA,NA,NA,NA,"WY1 GB in G1","M2",NA,NA,NA,NA,NA,NA,NA,NA
"9",81,"Wyoming population 1","GB","yes","1st generation","M6",3,NA,NA,NA,NA,NA,NA,NA,NA,NA,NA,"WY1 GB in G1","M2",NA,NA,NA,NA,NA,NA,NA,NA
"10",82,"Wyoming population 1","GB","yes","1st generation","M6",4,NA,NA,NA,NA,NA,NA,NA,NA,NA,NA,"WY1 GB in G1","M2",NA,NA,NA,NA,NA,NA,NA,NA
"11",83,"Wyoming population 1","GB","yes","1st generation","M6",5,0.0161,0.0059,6,11,0.1,3,1,9.5,3,10.2,"WY1 GB in G1","M2",10.2,0.022,0.268181818181818,4,0.0768114574786861,0.126885775404495,0.10016742116156,0.148323969741913
"12",84,"Wyoming population 1","GB","yes","1st generation","M6",6,0.04,0.0371,13.3,11,0.1,3,3,12.7,7,10.3,"WY1 GB in G1","M2",12.7,0.0771,0.481193255512322,10,0.192613602842582,0.2,0.10016742116156,0.277668867538296
"13",85,"Wyoming population 1","GB","yes","1st generation","M6",1,0.0092,0.0052,6,6,0.1,2,1,12.1,4,9.8,"WY1 GB in G1","M2",12.1,0.0144,0.361111111111111,5,0.0721110255092798,0.0959166304662544,0.10016742116156,0.12
"14",86,"Wyoming population 1","GB","yes","1st generation","M6",2,NA,NA,NA,NA,NA,NA,NA,NA,NA,NA,"WY1 GB in G1","M2",NA,NA,NA,NA,NA,NA,NA,NA
"15",87,"Wyoming population 1","GB","yes","1st generation","M6",3,NA,NA,NA,NA,NA,NA,NA,NA,NA,NA,"WY1 GB in G1","M2",NA,NA,NA,NA,NA,NA,NA,NA
"16",88,"Wyoming population 1","GB","yes","1st generation","M6",4,NA,NA,NA,NA,NA,NA,NA,NA,NA,NA,"WY1 GB in G1","M2",NA,NA,NA,NA,NA,NA,NA,NA
"17",89,"Wyoming population 1","GB","yes","1st generation","M6",5,0.0393,0.0271,11.6,13,0.2,3,2,9.6,3,9,"WY1 GB in G1","M2",9.6,0.0664,0.408132530120482,5,0.164620776331543,0.19824227601599,0.201357920790331,0.257681974534503
"18",90,"Wyoming population 1","GB","yes","1st generation","M6",6,NA,NA,NA,NA,NA,NA,NA,NA,NA,NA,"WY1 GB in G1","M2",NA,NA,NA,NA,NA,NA,NA,NA
"19",91,"Wyoming population 1","GB","yes","1st generation","M6",1,NA,NA,NA,NA,NA,NA,NA,NA,NA,NA,"WY1 GB in G1","M2",NA,NA,NA,NA,NA,NA,NA,NA
"20",92,"Wyoming population 1","GB","yes","1st generation","M6",2,NA,NA,NA,NA,NA,NA,NA,NA,NA,NA,"WY1 GB in G1","M2",NA,NA,NA,NA,NA,NA,NA,NA
"21",93,"Wyoming population 1","GB","yes","1st generation","M6",3,NA,NA,NA,NA,NA,NA,NA,NA,NA,NA,"WY1 GB in G1","M2",NA,NA,NA,NA,NA,NA,NA,NA
"22",94,"Wyoming population 1","GB","yes","1st generation","M6",4,NA,NA,NA,NA,NA,NA,NA,NA,NA,NA,"WY1 GB in G1","M2",NA,NA,NA,NA,NA,NA,NA,NA
"23",95,"Wyoming population 1","GB","yes","1st generation","M6",5,0.0152,0.0078,7,6,0.2,2,2,9.7,2,9.3,"WY1 GB in G1","M2",9.7,0.023,0.339130434782609,4,0.0883176086632785,0.12328828005938,0.201357920790331,0.151657508881031
"24",96,"Wyoming population 1","GB","yes","1st generation","M6",6,0.0077,0.0026,7.5,5,0.1,1,1,10.6,2,8.6,"WY1 GB in G1","M2",10.6,0.0103,0.252427184466019,3,0.0509901951359278,0.0877496438739212,0.10016742116156,0.101488915650922
"25",97,"Wyoming population 1","GB","yes","1st generation","M6",1,NA,NA,NA,NA,NA,NA,NA,NA,NA,NA,"WY1 GB in G1","M2",NA,NA,NA,NA,NA,NA,NA,NA
"26",98,"Wyoming population 1","GB","yes","1st generation","M6",2,0.0343,0.0193,11.7,10,0.1,2,2,11.2,4,9.4,"WY1 GB in G1","M2",11.2,0.0536,0.360074626865672,6,0.138924439894498,0.185202591774521,0.10016742116156,0.231516738055804
"27",99,"Wyoming population 1","GB","yes","1st generation","M6",3,NA,NA,NA,NA,NA,NA,NA,NA,NA,NA,"WY1 GB in G1","M2",NA,NA,NA,NA,NA,NA,NA,NA
"28",100,"Wyoming population 1","GB","yes","1st generation","M6",4,NA,NA,NA,NA,NA,NA,NA,NA,NA,NA,"WY1 GB in G1","M2",NA,NA,NA,NA,NA,NA,NA,NA
"29",101,"Wyoming population 1","GB","yes","1st generation","M6",5,0.0326,0.0139,12.9,9,0.1,2,1,7,4,5,"WY1 GB in G1","M2",7,0.0465,0.298924731182796,5,0.117898261225516,0.180554700852678,0.10016742116156,0.215638586528478
"30",102,"Wyoming population 1","GB","yes","1st generation","M6",6,NA,NA,NA,NA,NA,NA,NA,NA,NA,NA,"WY1 GB in G1","M2",NA,NA,NA,NA,NA,NA,NA,NA
"31",103,"Wyoming population 1","GB","yes","1st generation","M6",1,0.0029,0.0013,2.7,5,0.1,1,1,0.3,1,3.9,"WY1 GB in G1","M2",3.9,0.0042,0.30952380952381,2,0.0360555127546399,0.053851648071345,0.10016742116156,0.0648074069840786
"32",104,"Wyoming population 1","GB","yes","1st generation","M6",2,NA,NA,NA,NA,NA,NA,NA,NA,NA,NA,"WY1 GB in G1","M2",NA,NA,NA,NA,NA,NA,NA,NA
"33",105,"Wyoming population 1","GB","yes","1st generation","M6",3,NA,NA,NA,NA,NA,NA,NA,NA,NA,NA,"WY1 GB in G1","M2",NA,NA,NA,NA,NA,NA,NA,NA
"34",106,"Wyoming population 1","GB","yes","1st generation","M6",4,NA,NA,NA,NA,NA,NA,NA,NA,NA,NA,"WY1 GB in G1","M2",NA,NA,NA,NA,NA,NA,NA,NA
"35",107,"Wyoming population 1","GB","yes","1st generation","M6",5,NA,NA,NA,NA,NA,NA,NA,NA,NA,NA,"WY1 GB in G1","M2",NA,NA,NA,NA,NA,NA,NA,NA
"36",108,"Wyoming population 1","GB","yes","1st generation","M6",6,0.0201,0.0105,9.5,6,0.2,1,3,11.6,4,3.7,"WY1 GB in G1","M2",11.6,0.0306,0.343137254901961,7,0.102469507659596,0.141774468787578,0.201357920790331,0.174928556845359
"37",109,"Wyoming population 1","GB","no","1st generation","M6",1,NA,NA,NA,NA,NA,NA,NA,NA,NA,NA,"WY1 GB out G1","M6",NA,NA,NA,NA,NA,NA,NA,NA
"38",110,"Wyoming population 1","GB","no","1st generation","M6",2,0.0112,0.0108,5.8,6,0.1,1,2,13.8,2,9.5,"WY1 GB out G1","M6",13.8,0.022,0.490909090909091,4,0.103923048454133,0.105830052442584,0.10016742116156,0.148323969741913
"39",111,"Wyoming population 1","GB","no","1st generation","M6",3,0.0324,0.0156,14.2,10,0.1,2,2,10.3,5,9.6,"WY1 GB out G1","M6",10.3,0.048,0.325,7,0.124899959967968,0.18,0.10016742116156,0.219089023002066
"40",112,"Wyoming population 1","GB","no","1st generation","M6",4,NA,NA,NA,NA,NA,NA,NA,NA,NA,NA,"WY1 GB out G1","M6",NA,NA,NA,NA,NA,NA,NA,NA
"41",113,"Wyoming population 1","GB","no","1st generation","M6",5,0.0307,0.0224,9.1,12,0.2,3,4,11.8,3,9.8,"WY1 GB out G1","M6",11.8,0.0531,0.421845574387947,7,0.149666295470958,0.175214154679352,0.201357920790331,0.230434372436058
"42",114,"Wyoming population 1","GB","no","1st generation","M6",6,NA,NA,NA,NA,NA,NA,NA,NA,NA,NA,"WY1 GB out G1","M6",NA,NA,NA,NA,NA,NA,NA,NA
"43",115,"Wyoming population 1","GB","no","1st generation","M6",1,0.0239,0.0136,11.9,8,0.2,2,2,10.3,1,8,"WY1 GB out G1","M6",10.3,0.0375,0.362666666666667,3,0.116619037896906,0.154596248337403,0.201357920790331,0.193649167310371
"44",116,"Wyoming population 1","GB","no","1st generation","M6",2,0.0194,0.0152,8.1,6,0.1,1,2,14.3,3,9.9,"WY1 GB out G1","M6",14.3,0.0346,0.439306358381503,5,0.12328828005938,0.139283882771841,0.10016742116156,0.186010752377383
"45",117,"Wyoming population 1","GB","no","1st generation","M6",3,NA,NA,NA,NA,NA,NA,NA,NA,NA,NA,"WY1 GB out G1","M6",NA,NA,NA,NA,NA,NA,NA,NA
"46",118,"Wyoming population 1","GB","no","1st generation","M6",4,NA,NA,NA,NA,NA,NA,NA,NA,NA,NA,"WY1 GB out G1","M6",NA,NA,NA,NA,NA,NA,NA,NA
"47",119,"Wyoming population 1","GB","no","1st generation","M6",5,NA,NA,NA,NA,NA,NA,NA,NA,NA,NA,"WY1 GB out G1","M6",NA,NA,NA,NA,NA,NA,NA,NA
"48",120,"Wyoming population 1","GB","no","1st generation","M6",6,0.0072,0.0035,7,5,0.1,4,4,8,2,9.3,"WY1 GB out G1","M6",9.3,0.0107,0.327102803738318,6,0.0591607978309962,0.0848528137423857,0.10016742116156,0.103440804327886
"49",121,"Wyoming population 1","GB","no","1st generation","M6",1,0.0189,0.0139,10.2,8,0.2,2,2,12.2,4,9.1,"WY1 GB out G1","M6",12.2,0.0328,0.423780487804878,6,0.117898261225516,0.137477270848675,0.201357920790331,0.181107702762748
"50",122,"Wyoming population 1","GB","no","1st generation","M6",2,0.0073,0.0041,5.7,5,0.1,1,1,10.1,3,10.5,"WY1 GB out G1","M6",10.5,0.0114,0.359649122807018,4,0.0640312423743285,0.0854400374531753,0.10016742116156,0.106770782520313
"51",123,"Wyoming population 1","GB","no","1st generation","M6",3,0.019,0.0104,8.6,11,0.1,2,2,10.3,4,8.3,"WY1 GB out G1","M6",10.3,0.0294,0.353741496598639,6,0.101980390271856,0.137840487520902,0.10016742116156,0.171464281994822
"52",124,"Wyoming population 1","GB","no","1st generation","M6",4,0.0133,0.0094,8.3,6,0.1,1,1,11.2,4,8.3,"WY1 GB out G1","M6",11.2,0.0227,0.41409691629956,5,0.0969535971483266,0.115325625946708,0.10016742116156,0.150665191733194
"53",125,"Wyoming population 1","GB","no","1st generation","M6",5,NA,NA,NA,NA,NA,NA,NA,NA,NA,NA,"WY1 GB out G1","M6",NA,NA,NA,NA,NA,NA,NA,NA
"54",126,"Wyoming population 1","GB","no","1st generation","M6",6,0.0513,0.0205,13.6,13,0.2,3,3,9.5,2,7.9,"WY1 GB out G1","M6",9.5,0.0718,0.285515320334262,5,0.143178210632764,0.226495033058122,0.201357920790331,0.267955220139485
"55",127,"Wyoming population 1","GB","no","1st generation","M6",1,0.0165,0.0167,8.4,6,0.1,1,2,9.8,4,9.7,"WY1 GB out G1","M6",9.8,0.0332,0.503012048192771,6,0.129228479833201,0.128452325786651,0.10016742116156,0.182208671582886
"56",128,"Wyoming population 1","GB","no","1st generation","M6",2,0.0128,0.0032,7.7,6,0.1,1,1,12.3,3,2.8,"WY1 GB out G1","M6",12.3,0.016,0.2,4,0.0565685424949238,0.113137084989848,0.10016742116156,0.126491106406735
"57",129,"Wyoming population 1","GB","no","1st generation","M6",3,0.0011,8e-04,0.8,4,0.1,1,0,NA,2,8.8,"WY1 GB out G1","M6",NA,0.0019,0.421052631578947,2,0.0282842712474619,0.033166247903554,0.10016742116156,0.0435889894354067
"58",130,"Wyoming population 1","GB","no","1st generation","M6",4,0.0136,0.0083,7.9,5,0.1,1,3,9.8,1,7.8,"WY1 GB out G1","M6",9.8,0.0219,0.378995433789954,4,0.091104335791443,0.116619037896906,0.10016742116156,0.147986485869487
"59",131,"Wyoming population 1","GB","no","1st generation","M6",5,0.0661,0.0346,17.2,12,0.3,2,3,12.7,3,10.5,"WY1 GB out G1","M6",12.7,0.1007,0.343594836146971,6,0.186010752377383,0.257099202643649,0.304692654015398,0.317332633052449
"60",132,"Wyoming population 1","GB","no","1st generation","M6",6,0.0089,0.0065,5.8,6,0.1,1,6,11.6,0,NA,"WY1 GB out G1","M6",NA,0.0154,0.422077922077922,6,0.0806225774829855,0.094339811320566,0.10016742116156,0.124096736459909
"61",133,"Wyoming population 1","GB","no","1st generation","M6",1,0.0109,0.0086,7.5,7,0.1,2,2,11,3,10.2,"WY1 GB out G1","M6",11,0.0195,0.441025641025641,5,0.092736184954957,0.104403065089106,0.10016742116156,0.139642400437689
"62",134,"Wyoming population 1","GB","no","1st generation","M6",2,0.0052,0.0061,4.1,5,0.1,1,2,9.8,2,10.5,"WY1 GB out G1","M6",10.5,0.0113,0.539823008849557,4,0.0781024967590666,0.0721110255092798,0.10016742116156,0.106301458127346
"63",135,"Wyoming population 1","GB","no","1st generation","M6",3,0.0083,0.0053,6.9,5,0.1,1,1,7.1,3,7.4,"WY1 GB out G1","M6",7.4,0.0136,0.389705882352941,4,0.0728010988928052,0.091104335791443,0.10016742116156,0.116619037896906
"64",136,"Wyoming population 1","GB","no","1st generation","M6",4,0.0101,0.0059,6.3,6,0.1,1,3,9.6,2,9.7,"WY1 GB out G1","M6",9.7,0.016,0.36875,5,0.0768114574786861,0.100498756211209,0.10016742116156,0.126491106406735
"65",137,"Wyoming population 1","GB","no","1st generation","M6",5,NA,NA,NA,NA,NA,NA,NA,NA,NA,NA,"WY1 GB out G1","M6",NA,NA,NA,NA,NA,NA,NA,NA
"66",138,"Wyoming population 1","GB","no","1st generation","M6",6,0.0656,0.0333,16.6,18,0.3,4,1,12.3,8,10.7,"WY1 GB out G1","M6",12.3,0.0989,0.336703741152679,9,0.182482875908947,0.256124969497314,0.304692654015398,0.314483703870328
"67",139,"Wyoming population 1","GB","no","1st generation","M6",1,NA,NA,NA,NA,NA,NA,NA,NA,NA,NA,"WY1 GB out G1","M6",NA,NA,NA,NA,NA,NA,NA,NA
"68",140,"Wyoming population 1","GB","no","1st generation","M6",2,0.0114,0.0061,5.9,8,0.2,2,1,12.7,2,10.3,"WY1 GB out G1","M6",12.7,0.0175,0.348571428571429,3,0.0781024967590666,0.106770782520313,0.201357920790331,0.13228756555323
"69",141,"Wyoming population 1","GB","no","1st generation","M6",3,NA,NA,NA,NA,NA,NA,NA,NA,NA,NA,"WY1 GB out G1","M6",NA,NA,NA,NA,NA,NA,NA,NA
"70",142,"Wyoming population 1","GB","no","1st generation","M6",4,0.0063,0.0026,3.9,5,0.1,1,2,5.7,2,9.6,"WY1 GB out G1","M6",9.6,0.0089,0.292134831460674,4,0.0509901951359278,0.0793725393319377,0.10016742116156,0.094339811320566
"71",143,"Wyoming population 1","GB","no","1st generation","M6",5,NA,NA,12.3,11,0.2,3,3,10.1,4,7.9,"WY1 GB out G1","M6",10.1,NA,NA,7,NA,NA,0.201357920790331,NA
"72",144,"Wyoming population 1","GB","no","1st generation","M6",6,0.0047,0.0022,4.7,6,0.1,1,3,10.5,1,0.3,"WY1 GB out G1","M6",10.5,0.0069,0.318840579710145,4,0.0469041575982343,0.0685565460040104,0.10016742116156,0.0830662386291807
"73",145,"Wyoming population 1","GB","yes","2nd generation","M6",1,NA,NA,NA,NA,NA,NA,NA,NA,NA,NA,"WY1 GB in G2","M2",NA,NA,NA,NA,NA,NA,NA,NA
"74",146,"Wyoming population 1","GB","yes","2nd generation","M6",2,0.0106,0.005,6.1,6,0.2,1,3,9.7,2,7.6,"WY1 GB in G2","M2",9.7,0.0156,0.320512820512821,5,0.0707106781186548,0.10295630140987,0.201357920790331,0.124899959967968
"75",147,"Wyoming population 1","GB","yes","2nd generation","M6",3,1e-04,1e-04,0.4,2,0.1,1,1,5.1,0,NA,"WY1 GB in G2","M2",NA,2e-04,0.5,1,0.01,0.01,0.10016742116156,0.014142135623731
"76",148,"Wyoming population 1","GB","yes","2nd generation","M6",4,NA,NA,NA,NA,NA,NA,NA,NA,NA,NA,"WY1 GB in G2","M2",NA,NA,NA,NA,NA,NA,NA,NA
"77",149,"Wyoming population 1","GB","yes","2nd generation","M6",5,NA,NA,NA,NA,NA,NA,NA,NA,NA,NA,"WY1 GB in G2","M2",NA,NA,NA,NA,NA,NA,NA,NA
"78",150,"Wyoming population 1","GB","yes","2nd generation","M6",6,0.0134,0.0085,9,6,0.1,1,2,11.3,3,10.3,"WY1 GB in G2","M2",11.3,0.0219,0.388127853881279,5,0.0921954445729289,0.115758369027902,0.10016742116156,0.147986485869487
"79",151,"Wyoming population 1","GB","yes","2nd generation","M6",1,0.0113,0.0038,5.2,6,0.1,2,2,11.6,2,0.4,"WY1 GB in G2","M2",11.6,0.0151,0.251655629139073,4,0.0616441400296898,0.106301458127346,0.10016742116156,0.122882057274445
"80",152,"Wyoming population 1","GB","yes","2nd generation","M6",2,0.0098,0.0073,6.7,6,0.1,1,1,8.2,3,10.9,"WY1 GB in G2","M2",10.9,0.0171,0.426900584795322,4,0.0854400374531753,0.0989949493661166,0.10016742116156,0.13076696830622
"81",153,"Wyoming population 1","GB","yes","2nd generation","M6",3,NA,NA,NA,NA,NA,NA,NA,NA,NA,NA,"WY1 GB in G2","M2",NA,NA,NA,NA,NA,NA,NA,NA
"82",154,"Wyoming population 1","GB","yes","2nd generation","M6",4,NA,NA,NA,NA,NA,NA,NA,NA,NA,NA,"WY1 GB in G2","M2",NA,NA,NA,NA,NA,NA,NA,NA
"83",155,"Wyoming population 1","GB","yes","2nd generation","M6",5,0.0292,0.0129,9.7,10,0.2,3,1,18,0,NA,"WY1 GB in G2","M2",NA,0.0421,0.306413301662708,1,0.113578166916005,0.170880074906351,0.201357920790331,0.205182845286832
"84",156,"Wyoming population 1","GB","yes","2nd generation","M6",6,0.0273,0.0111,11.9,9,0.2,2,2,10.6,3,11,"WY1 GB in G2","M2",11,0.0384,0.2890625,5,0.105356537528527,0.165227116418583,0.201357920790331,0.195959179422654
"85",157,"Wyoming population 1","GB","yes","2nd generation","M6",1,NA,NA,NA,NA,NA,NA,NA,NA,NA,NA,"WY1 GB in G2","M2",NA,NA,NA,NA,NA,NA,NA,NA
"86",158,"Wyoming population 1","GB","yes","2nd generation","M6",2,0.0149,0.0131,8.6,6,0.1,2,2,11.2,4,10.2,"WY1 GB in G2","M2",11.2,0.028,0.467857142857143,6,0.114455231422596,0.122065556157337,0.10016742116156,0.167332005306815
"87",159,"Wyoming population 1","GB","yes","2nd generation","M6",3,NA,NA,NA,NA,NA,NA,NA,NA,NA,NA,"WY1 GB in G2","M2",NA,NA,NA,NA,NA,NA,NA,NA
"88",160,"Wyoming population 1","GB","yes","2nd generation","M6",4,0.0165,0.0083,7.9,7,0.1,1,2,9.9,3,9.9,"WY1 GB in G2","M2",9.9,0.0248,0.334677419354839,5,0.091104335791443,0.128452325786651,0.10016742116156,0.157480157480236
"89",161,"Wyoming population 1","GB","yes","2nd generation","M6",5,0.0341,0.0146,11.6,10,0.2,2,3,13.5,3,4.3,"WY1 GB in G2","M2",13.5,0.0487,0.299794661190965,6,0.120830459735946,0.184661853126194,0.201357920790331,0.220680764907139
"90",162,"Wyoming population 1","GB","yes","2nd generation","M6",6,NA,NA,NA,NA,NA,NA,NA,NA,NA,NA,"WY1 GB in G2","M2",NA,NA,NA,NA,NA,NA,NA,NA
"91",163,"Wyoming population 1","GB","yes","2nd generation","M6",1,0.0027,7e-04,2,5,0.2,1,1,8.1,2,7.3,"WY1 GB in G2","M2",8.1,0.0034,0.205882352941176,3,0.0264575131106459,0.0519615242270663,0.201357920790331,0.058309518948453
"92",164,"Wyoming population 1","GB","yes","2nd generation","M6",2,0.01181,0.0078,7.5,8,0.2,2,2,9.1,3,8.4,"WY1 GB in G2","M2",9.1,0.01961,0.397756246812851,5,0.0883176086632785,0.108673823895177,0.201357920790331,0.140035709731482
"93",165,"Wyoming population 1","GB","yes","2nd generation","M6",3,NA,NA,NA,NA,NA,NA,NA,NA,NA,NA,"WY1 GB in G2","M2",NA,NA,NA,NA,NA,NA,NA,NA
"94",166,"Wyoming population 1","GB","yes","2nd generation","M6",4,0.0021,1e-04,2.2,5,0.1,1,0,NA,2,2.1,"WY1 GB in G2","M2",NA,0.0022,0.0454545454545455,2,0.01,0.0458257569495584,0.10016742116156,0.0469041575982343
"95",167,"Wyoming population 1","GB","yes","2nd generation","M6",5,0.0186,0.0131,6.7,7,0.1,2,4,10.6,3,8.7,"WY1 GB in G2","M2",10.6,0.0317,0.413249211356467,7,0.114455231422596,0.136381816969859,0.10016742116156,0.178044938147649
"96",168,"Wyoming population 1","GB","yes","2nd generation","M6",6,NA,NA,NA,NA,NA,NA,NA,NA,NA,NA,"WY1 GB in G2","M2",NA,NA,NA,NA,NA,NA,NA,NA
"97",169,"Wyoming population 1","GB","yes","2nd generation","M6",1,NA,NA,NA,NA,NA,NA,NA,NA,NA,NA,"WY1 GB in G2","M2",NA,NA,NA,NA,NA,NA,NA,NA
"98",170,"Wyoming population 1","GB","yes","2nd generation","M6",2,0.0213,0.0142,9.1,9,0.2,3,2,13.6,4,9.8,"WY1 GB in G2","M2",13.6,0.0355,0.4,6,0.11916375287813,0.145945195193264,0.201357920790331,0.188414436814168
"99",171,"Wyoming population 1","GB","yes","2nd generation","M6",3,NA,NA,NA,NA,NA,NA,NA,NA,NA,NA,"WY1 GB in G2","M2",NA,NA,NA,NA,NA,NA,NA,NA
"100",172,"Wyoming population 1","GB","yes","2nd generation","M6",4,NA,NA,NA,NA,NA,NA,NA,NA,NA,NA,"WY1 GB in G2","M2",NA,NA,NA,NA,NA,NA,NA,NA
"101",173,"Wyoming population 1","GB","yes","2nd generation","M6",5,0.0352,0.0253,8.6,17,0.3,2,4,11.7,2,10.1,"WY1 GB in G2","M2",11.7,0.0605,0.418181818181818,6,0.159059737205869,0.187616630392937,0.304692654015398,0.245967477524977
"102",174,"Wyoming population 1","GB","yes","2nd generation","M6",6,0.0129,0.007,6.7,6,0.1,1,1,10.4,3,8.7,"WY1 GB in G2","M2",10.4,0.0199,0.351758793969849,4,0.0836660026534076,0.113578166916005,0.10016742116156,0.141067359796659
"103",175,"Wyoming population 1","GB","yes","2nd generation","M6",1,NA,NA,NA,NA,NA,NA,NA,NA,NA,NA,"WY1 GB in G2","M2",NA,NA,NA,NA,NA,NA,NA,NA
"104",176,"Wyoming population 1","GB","yes","2nd generation","M6",2,NA,NA,NA,NA,NA,NA,NA,NA,NA,NA,"WY1 GB in G2","M2",NA,NA,NA,NA,NA,NA,NA,NA
"105",177,"Wyoming population 1","GB","yes","2nd generation","M6",3,NA,NA,NA,NA,NA,NA,NA,NA,NA,NA,"WY1 GB in G2","M2",NA,NA,NA,NA,NA,NA,NA,NA
"106",178,"Wyoming population 1","GB","yes","2nd generation","M6",4,0.0083,0.0057,4.6,6,0.1,1,2,10.6,3,9,"WY1 GB in G2","M2",10.6,0.014,0.407142857142857,5,0.0754983443527075,0.091104335791443,0.10016742116156,0.118321595661992
"107",179,"Wyoming population 1","GB","yes","2nd generation","M6",5,NA,NA,NA,NA,NA,NA,NA,NA,NA,NA,"WY1 GB in G2","M2",NA,NA,NA,NA,NA,NA,NA,NA
"108",180,"Wyoming population 1","GB","yes","2nd generation","M6",6,0.017,0.0074,7.5,10,0.2,3,6,11.3,0,NA,"WY1 GB in G2","M2",NA,0.0244,0.30327868852459,6,0.0860232526704263,0.130384048104053,0.201357920790331,0.156204993518133
"109",181,"Wyoming population 1","GB","no","2nd generation","M6",1,NA,NA,NA,NA,NA,NA,NA,NA,NA,NA,"WY1 GB out G2","M6",NA,NA,NA,NA,NA,NA,NA,NA
"110",182,"Wyoming population 1","GB","no","2nd generation","M6",2,0.0088,0.0035,6.9,5,0.1,1,2,3.7,3,4.5,"WY1 GB out G2","M6",4.5,0.0123,0.284552845528455,5,0.0591607978309962,0.0938083151964686,0.10016742116156,0.110905365064094
"111",183,"Wyoming population 1","GB","no","2nd generation","M6",3,NA,NA,0.7,3,0.1,1,0,NA,3,7.7,"WY1 GB out G2","M6",NA,NA,NA,3,NA,NA,0.10016742116156,NA
"112",184,"Wyoming population 1","GB","no","2nd generation","M6",4,NA,NA,NA,NA,NA,NA,NA,NA,NA,NA,"WY1 GB out G2","M6",NA,NA,NA,NA,NA,NA,NA,NA
"113",185,"Wyoming population 1","GB","no","2nd generation","M6",5,0.0912,0.0457,17.7,17,0.3,3,5,11.7,1,10.3,"WY1 GB out G2","M6",11.7,0.1369,0.33382030679328,6,0.21377558326432,0.30199337741083,0.304692654015398,0.37
"114",186,"Wyoming population 1","GB","no","2nd generation","M6",6,0.0128,0.0187,12.4,8,0.2,2,3,11.6,3,9.2,"WY1 GB out G2","M6",11.6,0.0315,0.593650793650794,6,0.136747943311773,0.113137084989848,0.201357920790331,0.177482393492988
"115",187,"Wyoming population 1","GB","no","2nd generation","M6",1,NA,NA,NA,NA,NA,NA,NA,NA,NA,NA,"WY1 GB out G2","M6",NA,NA,NA,NA,NA,NA,NA,NA
"116",188,"Wyoming population 1","GB","no","2nd generation","M6",2,0.0334,0.0152,13.5,10,0.2,2,2,11.9,3,10.4,"WY1 GB out G2","M6",11.9,0.0486,0.312757201646091,5,0.12328828005938,0.182756668824971,0.201357920790331,0.220454076850486
"117",189,"Wyoming population 1","GB","no","2nd generation","M6",3,NA,NA,NA,NA,NA,NA,NA,NA,NA,NA,"WY1 GB out G2","M6",NA,NA,NA,NA,NA,NA,NA,NA
"118",190,"Wyoming population 1","GB","no","2nd generation","M6",4,1e-04,1e-04,0.7,5,0.1,1,0,NA,1,8.9,"WY1 GB out G2","M6",NA,2e-04,0.5,1,0.01,0.01,0.10016742116156,0.014142135623731
"119",191,"Wyoming population 1","GB","no","2nd generation","M6",5,0.0071,0.0056,4.7,5,0.1,1,2,11.4,1,10.8,"WY1 GB out G2","M6",11.4,0.0127,0.440944881889764,3,0.0748331477354788,0.0842614977317636,0.10016742116156,0.112694276695846
"120",192,"Wyoming population 1","GB","no","2nd generation","M6",6,0.0317,0.0138,11.4,11,0.2,2,2,10.6,2,10.5,"WY1 GB out G2","M6",10.6,0.0455,0.303296703296703,4,0.117473401244707,0.178044938147649,0.201357920790331,0.213307290077015
"121",193,"Wyoming population 1","GB","no","2nd generation","M6",1,0.0268,0.0153,10.2,8,0.1,1,2,13.2,2,10.9,"WY1 GB out G2","M6",13.2,0.0421,0.363420427553444,4,0.12369316876853,0.163707055437449,0.10016742116156,0.205182845286832
"122",194,"Wyoming population 1","GB","no","2nd generation","M6",2,0.0269,0.0111,13.5,7,0.3,2,2,10,3,8,"WY1 GB out G2","M6",10,0.038,0.292105263157895,5,0.105356537528527,0.164012194668567,0.304692654015398,0.194935886896179
"123",195,"Wyoming population 1","GB","no","2nd generation","M6",3,NA,NA,NA,NA,NA,NA,NA,NA,NA,NA,"WY1 GB out G2","M6",NA,NA,NA,NA,NA,NA,NA,NA
"124",196,"Wyoming population 1","GB","no","2nd generation","M6",4,NA,NA,NA,NA,NA,NA,NA,NA,NA,NA,"WY1 GB out G2","M6",NA,NA,NA,NA,NA,NA,NA,NA
"125",197,"Wyoming population 1","GB","no","2nd generation","M6",5,0.0399,0.0137,12.1,13,0.3,3,2,10.6,3,1.5,"WY1 GB out G2","M6",10.6,0.0536,0.255597014925373,5,0.117046999107196,0.199749843554382,0.304692654015398,0.231516738055804
"126",198,"Wyoming population 1","GB","no","2nd generation","M6",6,NA,NA,NA,NA,NA,NA,NA,NA,NA,NA,"WY1 GB out G2","M6",NA,NA,NA,NA,NA,NA,NA,NA
"127",199,"Wyoming population 1","GB","no","2nd generation","M6",1,0.0293,0.0196,14.6,11,0.2,3,3,9.7,2,8.7,"WY1 GB out G2","M6",9.7,0.0489,0.40081799591002,5,0.14,0.171172427686237,0.201357920790331,0.22113344387496
"128",200,"Wyoming population 1","GB","no","2nd generation","M6",2,0.0171,0.0057,7.6,6,0.2,1,2,9.6,2,7.3,"WY1 GB out G2","M6",9.6,0.0228,0.25,4,0.0754983443527075,0.13076696830622,0.201357920790331,0.150996688705415
"129",201,"Wyoming population 1","GB","no","2nd generation","M6",3,NA,NA,NA,NA,NA,NA,NA,NA,NA,NA,"WY1 GB out G2","M6",NA,NA,NA,NA,NA,NA,NA,NA
"130",202,"Wyoming population 1","GB","no","2nd generation","M6",4,0.0561,0.0126,16.4,12,0.2,2,2,10.7,3,7.5,"WY1 GB out G2","M6",10.7,0.0687,0.183406113537118,5,0.112249721603218,0.23685438564654,0.201357920790331,0.262106848441623
"131",203,"Wyoming population 1","GB","no","2nd generation","M6",5,NA,NA,NA,NA,NA,NA,NA,NA,NA,NA,"WY1 GB out G2","M6",NA,NA,NA,NA,NA,NA,NA,NA
"132",204,"Wyoming population 1","GB","no","2nd generation","M6",6,0.0111,0.006,5.9,6,0.1,1,3,10.6,1,0.6,"WY1 GB out G2","M6",10.6,0.0171,0.350877192982456,4,0.0774596669241483,0.105356537528527,0.10016742116156,0.13076696830622
"133",205,"Wyoming population 1","GB","no","2nd generation","M6",1,0.0202,0.0118,9.2,11,0.2,3,2,13.3,3,11.6,"WY1 GB out G2","M6",13.3,0.032,0.36875,5,0.108627804912002,0.142126704035519,0.201357920790331,0.178885438199983
"134",206,"Wyoming population 1","GB","no","2nd generation","M6",2,0.0147,0.0107,9,7,0.2,2,2,2.6,3,7.9,"WY1 GB out G2","M6",7.9,0.0254,0.421259842519685,5,0.103440804327886,0.121243556529821,0.201357920790331,0.159373774505092
"135",207,"Wyoming population 1","GB","no","2nd generation","M6",3,NA,NA,4,5,0.1,1,0,NA,4,6.8,"WY1 GB out G2","M6",NA,NA,NA,4,NA,NA,0.10016742116156,NA
"136",208,"Wyoming population 1","GB","no","2nd generation","M6",4,NA,NA,NA,NA,NA,NA,NA,NA,NA,NA,"WY1 GB out G2","M6",NA,NA,NA,NA,NA,NA,NA,NA
"137",209,"Wyoming population 1","GB","no","2nd generation","M6",5,NA,NA,12.1,9,0.3,2,3,10.4,2,11,"WY1 GB out G2","M6",11,NA,NA,5,NA,NA,0.304692654015398,NA
"138",210,"Wyoming population 1","GB","no","2nd generation","M6",6,0.056,0.0121,14,12,0.3,3,1,11.1,3,9.4,"WY1 GB out G2","M6",11.1,0.0681,0.177679882525698,4,0.11,0.236643191323985,0.304692654015398,0.260959767013998
"139",211,"Wyoming population 1","GB","no","2nd generation","M6",1,0.0147,0.0131,8.5,6,0.1,2,2,12.2,3,10.1,"WY1 GB out G2","M6",12.2,0.0278,0.471223021582734,5,0.114455231422596,0.121243556529821,0.10016742116156,0.166733320005331
"140",212,"Wyoming population 1","GB","no","2nd generation","M6",2,NA,NA,NA,NA,NA,NA,NA,NA,NA,NA,"WY1 GB out G2","M6",NA,NA,NA,NA,NA,NA,NA,NA
"141",213,"Wyoming population 1","GB","no","2nd generation","M6",3,NA,NA,2.7,4,0.1,1,2,8.7,2,2.4,"WY1 GB out G2","M6",8.7,NA,NA,4,NA,NA,0.10016742116156,NA
"142",214,"Wyoming population 1","GB","no","2nd generation","M6",4,NA,NA,NA,NA,NA,NA,NA,NA,NA,NA,"WY1 GB out G2","M6",NA,NA,NA,NA,NA,NA,NA,NA
"143",215,"Wyoming population 1","GB","no","2nd generation","M6",5,0.0255,0.0178,10,7,0.2,3,2,10.8,4,10.1,"WY1 GB out G2","M6",10.8,0.0433,0.41108545034642,6,0.133416640641263,0.159687194226713,0.201357920790331,0.208086520466848
"144",216,"Wyoming population 1","GB","no","2nd generation","M6",6,0.0055,1e-04,4.7,5,0.1,1,1,1.3,1,1,"WY1 GB out G2","M6",1.3,0.0056,0.0178571428571429,2,0.01,0.0741619848709566,0.10016742116156,0.0748331477354788
"145",217,"Wyoming population 1","GB","yes","2nd generation","M5",1,0.0275,0.0226,12,9,0.2,3,5,12.6,5,9,"WY1 GB in G2","M1",12.6,0.0501,0.451097804391218,10,0.150332963783729,0.16583123951777,0.201357920790331,0.223830292855994
"146",218,"Wyoming population 1","GB","yes","2nd generation","M5",2,0.0324,0.0209,12.5,12,0.2,3,1,5.1,4,10.5,"WY1 GB in G2","M1",10.5,0.0533,0.392120075046904,5,0.14456832294801,0.18,0.201357920790331,0.230867927612304
"147",219,"Wyoming population 1","GB","yes","2nd generation","M5",3,NA,NA,NA,NA,NA,NA,NA,NA,NA,NA,"WY1 GB in G2","M1",NA,NA,NA,NA,NA,NA,NA,NA
"148",220,"Wyoming population 1","GB","yes","2nd generation","M5",4,0.0206,0.0113,10.2,7,0.2,1,3,11,3,10,"WY1 GB in G2","M1",11,0.0319,0.35423197492163,6,0.106301458127346,0.143527000944073,0.201357920790331,0.178605710994918
"149",221,"Wyoming population 1","GB","yes","2nd generation","M5",5,NA,NA,NA,NA,NA,NA,NA,NA,NA,NA,"WY1 GB in G2","M1",NA,NA,NA,NA,NA,NA,NA,NA
"150",222,"Wyoming population 1","GB","yes","2nd generation","M5",6,NA,NA,14.2,17,0.1,NA,NA,NA,NA,NA,"WY1 GB in G2","M1",NA,NA,NA,NA,NA,NA,0.10016742116156,NA
"151",223,"Wyoming population 1","GB","yes","2nd generation","M5",1,0.0305,0.025,14,13,0.2,3,2,12.3,3,10.7,"WY1 GB in G2","M1",12.3,0.0555,0.45045045045045,5,0.158113883008419,0.17464249196573,0.201357920790331,0.235584379787795
"152",224,"Wyoming population 1","GB","yes","2nd generation","M5",2,NA,NA,NA,NA,NA,NA,NA,NA,NA,NA,"WY1 GB in G2","M1",NA,NA,NA,NA,NA,NA,NA,NA
"153",225,"Wyoming population 1","GB","yes","2nd generation","M5",3,NA,NA,NA,NA,NA,NA,NA,NA,NA,NA,"WY1 GB in G2","M1",NA,NA,NA,NA,NA,NA,NA,NA
"154",226,"Wyoming population 1","GB","yes","2nd generation","M5",4,0.0176,0.0142,11,7,0.1,1,2,11.3,3,10.5,"WY1 GB in G2","M1",11.3,0.0318,0.446540880503145,5,0.11916375287813,0.132664991614216,0.10016742116156,0.17832554500127
"155",227,"Wyoming population 1","GB","yes","2nd generation","M5",5,NA,NA,NA,NA,NA,NA,NA,NA,NA,NA,"WY1 GB in G2","M1",NA,NA,NA,NA,NA,NA,NA,NA
"156",228,"Wyoming population 1","GB","yes","2nd generation","M5",6,0.0415,0.0187,13.7,15,0.2,3,1,14.5,5,12.5,"WY1 GB in G2","M1",14.5,0.0602,0.31063122923588,6,0.136747943311773,0.203715487874634,0.201357920790331,0.245356882927706
"157",229,"Wyoming population 1","GB","yes","2nd generation","M5",1,0.0308,0.0167,9.8,8,0.1,2,3,10.7,1,9,"WY1 GB in G2","M1",10.7,0.0475,0.351578947368421,4,0.129228479833201,0.175499287747842,0.10016742116156,0.217944947177034
"158",230,"Wyoming population 1","GB","yes","2nd generation","M5",2,0.0177,0.0107,7.6,10,0.1,2,2,9.4,5,10.6,"WY1 GB in G2","M1",10.6,0.0284,0.376760563380282,7,0.103440804327886,0.133041346956501,0.10016742116156,0.168522995463527
"159",231,"Wyoming population 1","GB","yes","2nd generation","M5",3,NA,NA,NA,NA,NA,NA,NA,NA,NA,NA,"WY1 GB in G2","M1",NA,NA,NA,NA,NA,NA,NA,NA
"160",232,"Wyoming population 1","GB","yes","2nd generation","M5",4,NA,NA,NA,NA,NA,NA,NA,NA,NA,NA,"WY1 GB in G2","M1",NA,NA,NA,NA,NA,NA,NA,NA
"161",233,"Wyoming population 1","GB","yes","2nd generation","M5",5,0.0446,0.0285,13,17,0.1,3,2,11.8,4,11.2,"WY1 GB in G2","M1",11.8,0.0731,0.389876880984952,6,0.168819430161341,0.211187120819429,0.10016742116156,0.270370116691915
"162",234,"Wyoming population 1","GB","yes","2nd generation","M5",6,0.0347,0.0145,15.5,11,0.1,2,1,8.2,4,10.2,"WY1 GB in G2","M1",10.2,0.0492,0.294715447154472,5,0.120415945787923,0.186279360101972,0.10016742116156,0.221810730128188
"163",235,"Wyoming population 1","GB","yes","2nd generation","M5",1,0.0311,0.0246,13.4,14,0.2,3,6,12.8,4,11.5,"WY1 GB in G2","M1",12.8,0.0557,0.44165170556553,10,0.156843871413581,0.176351920885484,0.201357920790331,0.236008474424119
"164",236,"Wyoming population 1","GB","yes","2nd generation","M5",2,0.0824,0.0344,17.4,17,0.2,3,2,11.7,4,11,"WY1 GB in G2","M1",11.7,0.1168,0.294520547945205,6,0.185472369909914,0.287054001888147,0.201357920790331,0.341760149812701
"165",237,"Wyoming population 1","GB","yes","2nd generation","M5",3,0.0013,0.0017,3.7,5,0.1,1,1,9.6,2,8.4,"WY1 GB in G2","M1",9.6,0.003,0.566666666666667,3,0.0412310562561766,0.0360555127546399,0.10016742116156,0.0547722557505166
"166",238,"Wyoming population 1","GB","yes","2nd generation","M5",4,0.0126,0.0096,8.2,6,0.1,1,2,10.3,2,8.7,"WY1 GB in G2","M1",10.3,0.0222,0.432432432432432,4,0.0979795897113271,0.112249721603218,0.10016742116156,0.148996644257513
"167",239,"Wyoming population 1","GB","yes","2nd generation","M5",5,NA,NA,NA,NA,NA,NA,NA,NA,NA,NA,"WY1 GB in G2","M1",NA,NA,NA,NA,NA,NA,NA,NA
"168",240,"Wyoming population 1","GB","yes","2nd generation","M5",6,0.0126,0.0071,8.2,7,0.1,1,3,9.8,2,8,"WY1 GB in G2","M1",9.8,0.0197,0.360406091370558,5,0.0842614977317636,0.112249721603218,0.10016742116156,0.140356688476182
"169",241,"Wyoming population 1","GB","yes","2nd generation","M5",1,0.0346,0.0239,15.7,9,0.2,2,1,11.4,4,11,"WY1 GB in G2","M1",11.4,0.0585,0.408547008547009,5,0.154596248337403,0.186010752377383,0.201357920790331,0.241867732448956
"170",242,"Wyoming population 1","GB","yes","2nd generation","M5",2,NA,NA,NA,NA,NA,NA,NA,NA,NA,NA,"WY1 GB in G2","M1",NA,NA,NA,NA,NA,NA,NA,NA
"171",243,"Wyoming population 1","GB","yes","2nd generation","M5",3,0.0019,0.0024,1.5,4,0.1,1,2,10.4,1,8.9,"WY1 GB in G2","M1",10.4,0.0043,0.558139534883721,3,0.0489897948556636,0.0435889894354067,0.10016742116156,0.06557438524302
"172",244,"Wyoming population 1","GB","yes","2nd generation","M5",4,0.0062,0.0058,5.1,7,0.2,1,3,11.1,3,10.5,"WY1 GB in G2","M1",11.1,0.012,0.483333333333333,6,0.0761577310586391,0.0787400787401181,0.201357920790331,0.109544511501033
"173",245,"Wyoming population 1","GB","yes","2nd generation","M5",5,0.0093,0.0057,7.7,5,0.1,1,2,8.6,2,6.8,"WY1 GB in G2","M1",8.6,0.015,0.38,4,0.0754983443527075,0.0964365076099295,0.10016742116156,0.122474487139159
"174",246,"Wyoming population 1","GB","yes","2nd generation","M5",6,0.0376,0.0136,12.5,17,0.1,3,3,12.3,4,1.1,"WY1 GB in G2","M1",12.3,0.0512,0.265625,7,0.116619037896906,0.193907194296653,0.10016742116156,0.226274169979695
"175",247,"Wyoming population 1","GB","yes","2nd generation","M5",1,0.0284,0.0151,10.1,11,0.2,2,2,11.9,1,8.9,"WY1 GB in G2","M1",11.9,0.0435,0.347126436781609,3,0.122882057274445,0.168522995463527,0.201357920790331,0.208566536146142
"176",248,"Wyoming population 1","GB","yes","2nd generation","M5",2,0.0262,0.0165,10.8,9,0.2,3,2,12.6,3,11.4,"WY1 GB in G2","M1",12.6,0.0427,0.386416861826698,5,0.128452325786651,0.161864140562386,0.201357920790331,0.206639783197718
"177",249,"Wyoming population 1","GB","yes","2nd generation","M5",3,NA,NA,NA,NA,NA,NA,NA,NA,NA,NA,"WY1 GB in G2","M1",NA,NA,NA,NA,NA,NA,NA,NA
"178",250,"Wyoming population 1","GB","yes","2nd generation","M5",4,6e-04,1e-04,1.8,5,0.1,1,1,2.4,2,4.6,"WY1 GB in G2","M1",4.6,7e-04,0.142857142857143,3,0.01,0.0244948974278318,0.10016742116156,0.0264575131106459
"179",251,"Wyoming population 1","GB","yes","2nd generation","M5",5,0.0544,0.0326,16.5,12,0.3,3,4,12.3,4,9.9,"WY1 GB in G2","M1",12.3,0.087,0.374712643678161,8,0.180554700852678,0.233238075793812,0.304692654015398,0.294957624075052
"180",252,"Wyoming population 1","GB","yes","2nd generation","M5",6,NA,NA,NA,NA,NA,NA,NA,NA,NA,NA,"WY1 GB in G2","M1",NA,NA,NA,NA,NA,NA,NA,NA
"181",253,"Wyoming population 1","GB","no","2nd generation","M5",1,NA,NA,NA,NA,NA,NA,NA,NA,NA,NA,"WY1 GB out G2","M5",NA,NA,NA,NA,NA,NA,NA,NA
"182",254,"Wyoming population 1","GB","no","2nd generation","M5",2,NA,NA,NA,NA,NA,NA,NA,NA,NA,NA,"WY1 GB out G2","M5",NA,NA,NA,NA,NA,NA,NA,NA
"183",255,"Wyoming population 1","GB","no","2nd generation","M5",3,NA,NA,NA,NA,NA,NA,NA,NA,NA,NA,"WY1 GB out G2","M5",NA,NA,NA,NA,NA,NA,NA,NA
"184",256,"Wyoming population 1","GB","no","2nd generation","M5",4,0.0013,3e-04,2.1,4,0.1,1,0,NA,1,9.3,"WY1 GB out G2","M5",NA,0.0016,0.1875,1,0.0173205080756888,0.0360555127546399,0.10016742116156,0.04
"185",257,"Wyoming population 1","GB","no","2nd generation","M5",5,NA,NA,NA,NA,NA,NA,NA,NA,NA,NA,"WY1 GB out G2","M5",NA,NA,NA,NA,NA,NA,NA,NA
"186",258,"Wyoming population 1","GB","no","2nd generation","M5",6,NA,NA,NA,NA,NA,NA,NA,NA,NA,NA,"WY1 GB out G2","M5",NA,NA,NA,NA,NA,NA,NA,NA
"187",259,"Wyoming population 1","GB","no","2nd generation","M5",1,NA,NA,NA,NA,NA,NA,NA,NA,NA,NA,"WY1 GB out G2","M5",NA,NA,NA,NA,NA,NA,NA,NA
"188",260,"Wyoming population 1","GB","no","2nd generation","M5",2,NA,NA,NA,NA,NA,NA,NA,NA,NA,NA,"WY1 GB out G2","M5",NA,NA,NA,NA,NA,NA,NA,NA
"189",261,"Wyoming population 1","GB","no","2nd generation","M5",3,NA,NA,NA,NA,NA,NA,NA,NA,NA,NA,"WY1 GB out G2","M5",NA,NA,NA,NA,NA,NA,NA,NA
"190",262,"Wyoming population 1","GB","no","2nd generation","M5",4,NA,NA,NA,NA,NA,NA,NA,NA,NA,NA,"WY1 GB out G2","M5",NA,NA,NA,NA,NA,NA,NA,NA
"191",263,"Wyoming population 1","GB","no","2nd generation","M5",5,NA,NA,NA,NA,NA,NA,NA,NA,NA,NA,"WY1 GB out G2","M5",NA,NA,NA,NA,NA,NA,NA,NA
"192",264,"Wyoming population 1","GB","no","2nd generation","M5",6,NA,NA,NA,NA,NA,NA,NA,NA,NA,NA,"WY1 GB out G2","M5",NA,NA,NA,NA,NA,NA,NA,NA
"193",265,"Wyoming population 1","GB","no","2nd generation","M5",1,NA,NA,NA,NA,NA,NA,NA,NA,NA,NA,"WY1 GB out G2","M5",NA,NA,NA,NA,NA,NA,NA,NA
"194",266,"Wyoming population 1","GB","no","2nd generation","M5",2,NA,NA,NA,NA,NA,NA,NA,NA,NA,NA,"WY1 GB out G2","M5",NA,NA,NA,NA,NA,NA,NA,NA
"195",267,"Wyoming population 1","GB","no","2nd generation","M5",3,NA,NA,NA,NA,NA,NA,NA,NA,NA,NA,"WY1 GB out G2","M5",NA,NA,NA,NA,NA,NA,NA,NA
"196",268,"Wyoming population 1","GB","no","2nd generation","M5",4,7e-04,1e-04,0.5,4,0.1,1,0,NA,3,0.7,"WY1 GB out G2","M5",NA,8e-04,0.125,3,0.01,0.0264575131106459,0.10016742116156,0.0282842712474619
"197",269,"Wyoming population 1","GB","no","2nd generation","M5",5,0.006,0.0027,4,6,0.1,2,1,7.5,3,3.6,"WY1 GB out G2","M5",7.5,0.0087,0.310344827586207,4,0.0519615242270663,0.0774596669241483,0.10016742116156,0.0932737905308881
"198",270,"Wyoming population 1","GB","no","2nd generation","M5",6,NA,NA,NA,NA,NA,NA,NA,NA,NA,NA,"WY1 GB out G2","M5",NA,NA,NA,NA,NA,NA,NA,NA
"199",271,"Wyoming population 1","GB","no","2nd generation","M5",1,NA,NA,NA,NA,NA,NA,NA,NA,NA,NA,"WY1 GB out G2","M5",NA,NA,NA,NA,NA,NA,NA,NA
"200",272,"Wyoming population 1","GB","no","2nd generation","M5",2,NA,NA,NA,NA,NA,NA,NA,NA,NA,NA,"WY1 GB out G2","M5",NA,NA,NA,NA,NA,NA,NA,NA
"201",273,"Wyoming population 1","GB","no","2nd generation","M5",3,NA,NA,NA,NA,NA,NA,NA,NA,NA,NA,"WY1 GB out G2","M5",NA,NA,NA,NA,NA,NA,NA,NA
"202",274,"Wyoming population 1","GB","no","2nd generation","M5",4,0.0038,0.0016,3.1,6,0.1,1,1,10.1,1,0.2,"WY1 GB out G2","M5",10.1,0.0054,0.296296296296296,2,0.04,0.0616441400296898,0.10016742116156,0.0734846922834953
"203",275,"Wyoming population 1","GB","no","2nd generation","M5",5,NA,NA,NA,NA,NA,NA,NA,NA,NA,NA,"WY1 GB out G2","M5",NA,NA,NA,NA,NA,NA,NA,NA
"204",276,"Wyoming population 1","GB","no","2nd generation","M5",6,0.0128,0.0085,6.7,8,0.1,2,2,11.3,3,11.7,"WY1 GB out G2","M5",11.7,0.0213,0.39906103286385,5,0.0921954445729289,0.113137084989848,0.10016742116156,0.145945195193264
"205",277,"Wyoming population 1","GB","no","2nd generation","M5",1,NA,NA,NA,NA,NA,NA,NA,NA,NA,NA,"WY1 GB out G2","M5",NA,NA,NA,NA,NA,NA,NA,NA
"206",278,"Wyoming population 1","GB","no","2nd generation","M5",2,NA,NA,NA,NA,NA,NA,NA,NA,NA,NA,"WY1 GB out G2","M5",NA,NA,NA,NA,NA,NA,NA,NA
"207",279,"Wyoming population 1","GB","no","2nd generation","M5",3,NA,NA,NA,NA,NA,NA,NA,NA,NA,NA,"WY1 GB out G2","M5",NA,NA,NA,NA,NA,NA,NA,NA
"208",280,"Wyoming population 1","GB","no","2nd generation","M5",4,0.0166,0.0061,6.9,9,0.2,2,1,0.7,2,9.5,"WY1 GB out G2","M5",9.5,0.0227,0.268722466960352,3,0.0781024967590666,0.128840987267251,0.201357920790331,0.150665191733194
"209",281,"Wyoming population 1","GB","no","2nd generation","M5",5,NA,NA,NA,NA,NA,NA,NA,NA,NA,NA,"WY1 GB out G2","M5",NA,NA,NA,NA,NA,NA,NA,NA
"210",282,"Wyoming population 1","GB","no","2nd generation","M5",6,0.0572,0.0267,16.3,12,0.3,3,3,12,3,11.3,"WY1 GB out G2","M5",12,0.0839,0.31823599523242,6,0.163401346383682,0.239165214862028,0.304692654015398,0.289654967159205
"211",283,"Wyoming population 1","GB","no","2nd generation","M5",1,NA,NA,NA,NA,NA,NA,NA,NA,NA,NA,"WY1 GB out G2","M5",NA,NA,NA,NA,NA,NA,NA,NA
"212",284,"Wyoming population 1","GB","no","2nd generation","M5",2,0.0016,0.0014,1.8,5,0.1,1,0,NA,3,9.6,"WY1 GB out G2","M5",NA,0.003,0.466666666666667,3,0.0374165738677394,0.04,0.10016742116156,0.0547722557505166
"213",285,"Wyoming population 1","GB","no","2nd generation","M5",3,NA,NA,NA,NA,NA,NA,NA,NA,NA,NA,"WY1 GB out G2","M5",NA,NA,NA,NA,NA,NA,NA,NA
"214",286,"Wyoming population 1","GB","no","2nd generation","M5",4,NA,NA,NA,NA,NA,NA,NA,NA,NA,NA,"WY1 GB out G2","M5",NA,NA,NA,NA,NA,NA,NA,NA
"215",287,"Wyoming population 1","GB","no","2nd generation","M5",5,0.0055,0.0039,4.5,4,0.1,1,3,6.5,2,9.7,"WY1 GB out G2","M5",9.7,0.0094,0.414893617021277,5,0.062449979983984,0.0741619848709566,0.10016742116156,0.0969535971483266
"216",288,"Wyoming population 1","GB","no","2nd generation","M5",6,NA,NA,NA,NA,NA,NA,NA,NA,NA,NA,"WY1 GB out G2","M5",NA,NA,NA,NA,NA,NA,NA,NA
"217",289,"Wyoming population 1","GB","no","1st generation","M5",1,0.0347,0.0034,4,5,0.1,1,0,NA,5,8.9,"WY1 GB out G1","M5",NA,0.0381,0.0892388451443569,5,0.058309518948453,0.186279360101972,0.10016742116156,0.195192212959431
"218",290,"Wyoming population 1","GB","no","1st generation","M5",2,0.0063,0.0054,4.9,4,0.1,1,1,11.9,2,7.5,"WY1 GB out G1","M5",11.9,0.0117,0.461538461538462,3,0.0734846922834953,0.0793725393319377,0.10016742116156,0.10816653826392
"219",291,"Wyoming population 1","GB","no","1st generation","M5",3,NA,NA,NA,NA,NA,NA,NA,NA,NA,NA,"WY1 GB out G1","M5",NA,NA,NA,NA,NA,NA,NA,NA
"220",292,"Wyoming population 1","GB","no","1st generation","M5",4,NA,NA,NA,NA,NA,NA,NA,NA,NA,NA,"WY1 GB out G1","M5",NA,NA,NA,NA,NA,NA,NA,NA
"221",293,"Wyoming population 1","GB","no","1st generation","M5",5,0.019,0.0097,6.2,10,0.2,2,2,9.7,4,8.6,"WY1 GB out G1","M5",9.7,0.0287,0.337979094076655,6,0.098488578017961,0.137840487520902,0.201357920790331,0.169410743460974
"222",294,"Wyoming population 1","GB","no","1st generation","M5",6,NA,NA,NA,NA,NA,NA,NA,NA,NA,NA,"WY1 GB out G1","M5",NA,NA,NA,NA,NA,NA,NA,NA
"223",295,"Wyoming population 1","GB","no","1st generation","M5",1,0.013,0.0089,7.4,6,0.2,1,1,10.9,3,9.1,"WY1 GB out G1","M5",10.9,0.0219,0.406392694063927,4,0.094339811320566,0.114017542509914,0.201357920790331,0.147986485869487
"224",296,"Wyoming population 1","GB","no","1st generation","M5",2,0.0336,0.0158,11.7,9,0.1,2,2,9.8,1,7.9,"WY1 GB out G1","M5",9.8,0.0494,0.319838056680162,3,0.125698050899765,0.183303027798234,0.10016742116156,0.222261107708929
"225",297,"Wyoming population 1","GB","no","1st generation","M5",3,NA,NA,NA,NA,NA,NA,NA,NA,NA,NA,"WY1 GB out G1","M5",NA,NA,NA,NA,NA,NA,NA,NA
"226",298,"Wyoming population 1","GB","no","1st generation","M5",4,0.0317,0.013,10.3,12,0.2,3,2,13,3,10.3,"WY1 GB out G1","M5",13,0.0447,0.29082774049217,5,0.114017542509914,0.178044938147649,0.201357920790331,0.21142374511866
"227",299,"Wyoming population 1","GB","no","1st generation","M5",5,NA,NA,NA,NA,NA,NA,NA,NA,NA,NA,"WY1 GB out G1","M5",NA,NA,NA,NA,NA,NA,NA,NA
"228",300,"Wyoming population 1","GB","no","1st generation","M5",6,NA,NA,NA,NA,NA,NA,NA,NA,NA,NA,"WY1 GB out G1","M5",NA,NA,NA,NA,NA,NA,NA,NA
"229",301,"Wyoming population 1","GB","no","1st generation","M5",1,NA,NA,NA,NA,NA,NA,NA,NA,NA,NA,"WY1 GB out G1","M5",NA,NA,NA,NA,NA,NA,NA,NA
"230",302,"Wyoming population 1","GB","no","1st generation","M5",2,0.0372,0.0194,13.1,15,0.2,5,1,11,5,9.8,"WY1 GB out G1","M5",11,0.0566,0.342756183745583,6,0.139283882771841,0.192873015219859,0.201357920790331,0.237907545067406
"231",303,"Wyoming population 1","GB","no","1st generation","M5",3,NA,NA,NA,NA,NA,NA,NA,NA,NA,NA,"WY1 GB out G1","M5",NA,NA,NA,NA,NA,NA,NA,NA
"232",304,"Wyoming population 1","GB","no","1st generation","M5",4,NA,NA,2.4,4,0.1,NA,NA,NA,NA,NA,"WY1 GB out G1","M5",NA,NA,NA,NA,NA,NA,0.10016742116156,NA
"233",305,"Wyoming population 1","GB","no","1st generation","M5",5,0.0034,0.0016,3.6,3,0.1,1,1,1.3,1,9.1,"WY1 GB out G1","M5",9.1,0.005,0.32,2,0.04,0.058309518948453,0.10016742116156,0.0707106781186548
"234",306,"Wyoming population 1","GB","no","1st generation","M5",6,0.0198,0.0118,8.9,7,0.2,2,3,12.3,2,8.7,"WY1 GB out G1","M5",12.3,0.0316,0.373417721518987,5,0.108627804912002,0.140712472794703,0.201357920790331,0.177763888346312
"235",307,"Wyoming population 1","GB","no","1st generation","M5",1,0.0093,0.0079,6.7,5,0.1,1,1,11.7,2,11.3,"WY1 GB out G1","M5",11.7,0.0172,0.459302325581395,3,0.0888819441731559,0.0964365076099295,0.10016742116156,0.13114877048604
"236",308,"Wyoming population 1","GB","no","1st generation","M5",2,NA,NA,NA,NA,NA,NA,NA,NA,NA,NA,"WY1 GB out G1","M5",NA,NA,NA,NA,NA,NA,NA,NA
"237",309,"Wyoming population 1","GB","no","1st generation","M5",3,NA,NA,NA,NA,NA,NA,NA,NA,NA,NA,"WY1 GB out G1","M5",NA,NA,NA,NA,NA,NA,NA,NA
"238",310,"Wyoming population 1","GB","no","1st generation","M5",4,0.0178,0.0113,7.9,10,0.1,2,2,10.1,2,9.1,"WY1 GB out G1","M5",10.1,0.0291,0.388316151202749,4,0.106301458127346,0.133416640641263,0.10016742116156,0.17058722109232
"239",311,"Wyoming population 1","GB","no","1st generation","M5",5,NA,NA,NA,NA,NA,NA,NA,NA,NA,NA,"WY1 GB out G1","M5",NA,NA,NA,NA,NA,NA,NA,NA
"240",312,"Wyoming population 1","GB","no","1st generation","M5",6,0.0015,0.0018,2.4,4,0.1,1,4,7.4,0,NA,"WY1 GB out G1","M5",NA,0.0033,0.545454545454545,4,0.0424264068711929,0.0387298334620742,0.10016742116156,0.0574456264653803
"241",313,"Wyoming population 1","GB","no","1st generation","M5",1,0.00032,3e-04,3,6,0.1,1,0,NA,4,4.3,"WY1 GB out G1","M5",NA,0.00062,0.483870967741935,4,0.0173205080756888,0.0178885438199983,0.10016742116156,0.0248997991959775
"242",314,"Wyoming population 1","GB","no","1st generation","M5",2,0.0467,0.0314,12.1,11,0.3,3,2,15.5,3,11.1,"WY1 GB out G1","M5",15.5,0.0781,0.402048655569782,5,0.177200451466693,0.216101827849743,0.304692654015398,0.279463772249642
"243",315,"Wyoming population 1","GB","no","1st generation","M5",3,NA,NA,NA,NA,NA,NA,NA,NA,NA,NA,"WY1 GB out G1","M5",NA,NA,NA,NA,NA,NA,NA,NA
"244",316,"Wyoming population 1","GB","no","1st generation","M5",4,NA,NA,NA,NA,NA,NA,NA,NA,NA,NA,"WY1 GB out G1","M5",NA,NA,NA,NA,NA,NA,NA,NA
"245",317,"Wyoming population 1","GB","no","1st generation","M5",5,0.0091,0.0139,8.4,7,0.2,2,1,11.2,4,9.6,"WY1 GB out G1","M5",11.2,0.023,0.604347826086956,5,0.117898261225516,0.0953939201416946,0.201357920790331,0.151657508881031
"246",318,"Wyoming population 1","GB","no","1st generation","M5",6,NA,NA,NA,NA,NA,NA,NA,NA,NA,NA,"WY1 GB out G1","M5",NA,NA,NA,NA,NA,NA,NA,NA
"247",319,"Wyoming population 1","GB","no","1st generation","M5",1,0.013,0.0089,11.5,12,0.2,3,1,11.8,2,10.1,"WY1 GB out G1","M5",11.8,0.0219,0.406392694063927,3,0.094339811320566,0.114017542509914,0.201357920790331,0.147986485869487
"248",320,"Wyoming population 1","GB","no","1st generation","M5",2,0.0135,0.0077,8,9,0.2,3,1,12.1,2,9.9,"WY1 GB out G1","M5",12.1,0.0212,0.363207547169811,3,0.0877496438739212,0.116189500386222,0.201357920790331,0.14560219778561
"249",321,"Wyoming population 1","GB","no","1st generation","M5",3,NA,NA,NA,NA,NA,NA,NA,NA,NA,NA,"WY1 GB out G1","M5",NA,NA,NA,NA,NA,NA,NA,NA
"250",322,"Wyoming population 1","GB","no","1st generation","M5",4,0.0016,9e-04,1.9,4,0.1,1,2,2.5,1,4,"WY1 GB out G1","M5",4,0.0025,0.36,3,0.03,0.04,0.10016742116156,0.05
"251",323,"Wyoming population 1","GB","no","1st generation","M5",5,0.0148,0.0096,6.7,6,0.1,2,4,10.7,0,NA,"WY1 GB out G1","M5",NA,0.0244,0.39344262295082,4,0.0979795897113271,0.121655250605964,0.10016742116156,0.156204993518133
"252",324,"Wyoming population 1","GB","no","1st generation","M5",6,0.0291,0.0075,8.4,11,0.1,3,3,11.9,4,1.6,"WY1 GB out G1","M5",11.9,0.0366,0.204918032786885,7,0.0866025403784439,0.17058722109232,0.10016742116156,0.19131126469709
"253",325,"Wyoming population 1","GB","yes","1st generation","M5",1,NA,NA,4,5,0.1,1,1,5.4,2,3.7,"WY1 GB in G1","M1",5.4,NA,NA,3,NA,NA,0.10016742116156,NA
"254",326,"Wyoming population 1","GB","yes","1st generation","M5",2,NA,NA,NA,NA,NA,NA,NA,NA,NA,NA,"WY1 GB in G1","M1",NA,NA,NA,NA,NA,NA,NA,NA
"255",327,"Wyoming population 1","GB","yes","1st generation","M5",3,NA,NA,NA,NA,NA,NA,NA,NA,NA,NA,"WY1 GB in G1","M1",NA,NA,NA,NA,NA,NA,NA,NA
"256",328,"Wyoming population 1","GB","yes","1st generation","M5",4,NA,NA,NA,NA,NA,NA,NA,NA,NA,NA,"WY1 GB in G1","M1",NA,NA,NA,NA,NA,NA,NA,NA
"257",329,"Wyoming population 1","GB","yes","1st generation","M5",5,0.0011,3e-04,2.8,3,0.1,1,2,5.7,1,0.5,"WY1 GB in G1","M1",5.7,0.0014,0.214285714285714,3,0.0173205080756888,0.033166247903554,0.10016742116156,0.0374165738677394
"258",330,"Wyoming population 1","GB","yes","1st generation","M5",6,NA,NA,NA,NA,NA,NA,NA,NA,NA,NA,"WY1 GB in G1","M1",NA,NA,NA,NA,NA,NA,NA,NA
"259",331,"Wyoming population 1","GB","yes","1st generation","M5",1,0.0128,0.0033,6.7,7,0.2,2,1,3.2,2,9.9,"WY1 GB in G1","M1",9.9,0.0161,0.204968944099379,3,0.0574456264653803,0.113137084989848,0.201357920790331,0.126885775404495
"260",332,"Wyoming population 1","GB","yes","1st generation","M5",2,0.0114,0.0092,7.5,6,0.1,1,1,9.9,3,8.9,"WY1 GB in G1","M1",9.9,0.0206,0.446601941747573,4,0.0959166304662544,0.106770782520313,0.10016742116156,0.143527000944073
"261",333,"Wyoming population 1","GB","yes","1st generation","M5",3,NA,NA,NA,NA,NA,NA,NA,NA,NA,NA,"WY1 GB in G1","M1",NA,NA,NA,NA,NA,NA,NA,NA
"262",334,"Wyoming population 1","GB","yes","1st generation","M5",4,0.0185,0.0076,8,6,0.1,1,2,11.6,3,10.9,"WY1 GB in G1","M1",11.6,0.0261,0.291187739463602,5,0.0871779788708135,0.136014705087354,0.10016742116156,0.161554944214035
"263",335,"Wyoming population 1","GB","yes","1st generation","M5",5,0.0133,0.0025,6.6,9,0.1,2,2,9.2,0,NA,"WY1 GB in G1","M1",NA,0.0158,0.158227848101266,2,0.05,0.115325625946708,0.10016742116156,0.125698050899765
"264",336,"Wyoming population 1","GB","yes","1st generation","M5",6,0.0141,0.0057,6.5,8,0.1,2,3,7.5,3,6.3,"WY1 GB in G1","M1",7.5,0.0198,0.287878787878788,6,0.0754983443527075,0.118743420870379,0.10016742116156,0.140712472794703
"265",337,"Wyoming population 1","GB","yes","1st generation","M5",1,0.0084,0.0057,6.5,6,0.1,1,1,5.2,3,10,"WY1 GB in G1","M1",10,0.0141,0.404255319148936,4,0.0754983443527075,0.0916515138991168,0.10016742116156,0.118743420870379
"266",338,"Wyoming population 1","GB","yes","1st generation","M5",2,NA,NA,NA,NA,NA,NA,NA,NA,NA,NA,"WY1 GB in G1","M1",NA,NA,NA,NA,NA,NA,NA,NA
"267",339,"Wyoming population 1","GB","yes","1st generation","M5",3,NA,NA,NA,NA,NA,NA,NA,NA,NA,NA,"WY1 GB in G1","M1",NA,NA,NA,NA,NA,NA,NA,NA
"268",340,"Wyoming population 1","GB","yes","1st generation","M5",4,NA,NA,NA,NA,NA,NA,NA,NA,NA,NA,"WY1 GB in G1","M1",NA,NA,NA,NA,NA,NA,NA,NA
"269",341,"Wyoming population 1","GB","yes","1st generation","M5",5,0.0414,0.0227,13.9,10,0.3,3,2,10.1,2,10.2,"WY1 GB in G1","M1",10.2,0.0641,0.354134165366615,4,0.150665191733194,0.203469899493758,0.304692654015398,0.253179778023443
"270",342,"Wyoming population 1","GB","yes","1st generation","M5",6,NA,NA,NA,NA,NA,NA,NA,NA,NA,NA,"WY1 GB in G1","M1",NA,NA,NA,NA,NA,NA,NA,NA
"271",343,"Wyoming population 1","GB","yes","1st generation","M5",1,NA,NA,NA,NA,NA,NA,NA,NA,NA,NA,"WY1 GB in G1","M1",NA,NA,NA,NA,NA,NA,NA,NA
"272",344,"Wyoming population 1","GB","yes","1st generation","M5",2,NA,NA,NA,NA,NA,NA,NA,NA,NA,NA,"WY1 GB in G1","M1",NA,NA,NA,NA,NA,NA,NA,NA
"273",345,"Wyoming population 1","GB","yes","1st generation","M5",3,NA,NA,NA,NA,NA,NA,NA,NA,NA,NA,"WY1 GB in G1","M1",NA,NA,NA,NA,NA,NA,NA,NA
"274",346,"Wyoming population 1","GB","yes","1st generation","M5",4,NA,NA,NA,NA,NA,NA,NA,NA,NA,NA,"WY1 GB in G1","M1",NA,NA,NA,NA,NA,NA,NA,NA
"275",347,"Wyoming population 1","GB","yes","1st generation","M5",5,NA,NA,NA,NA,NA,NA,NA,NA,NA,NA,"WY1 GB in G1","M1",NA,NA,NA,NA,NA,NA,NA,NA
"276",348,"Wyoming population 1","GB","yes","1st generation","M5",6,0.0079,9e-04,5.1,6,0.1,1,1,1.9,2,5.7,"WY1 GB in G1","M1",5.7,0.0088,0.102272727272727,3,0.03,0.0888819441731559,0.10016742116156,0.0938083151964686
"277",349,"Wyoming population 1","GB","yes","1st generation","M5",1,NA,NA,2.3,5,0.1,NA,NA,NA,NA,NA,"WY1 GB in G1","M1",NA,NA,NA,NA,NA,NA,0.10016742116156,NA
"278",350,"Wyoming population 1","GB","yes","1st generation","M5",2,1e-04,1e-04,1,4,0.1,1,1,2,3,2.4,"WY1 GB in G1","M1",2.4,2e-04,0.5,4,0.01,0.01,0.10016742116156,0.014142135623731
"279",351,"Wyoming population 1","GB","yes","1st generation","M5",3,NA,NA,NA,NA,NA,NA,NA,NA,NA,NA,"WY1 GB in G1","M1",NA,NA,NA,NA,NA,NA,NA,NA
"280",352,"Wyoming population 1","GB","yes","1st generation","M5",4,NA,NA,NA,NA,NA,NA,NA,NA,NA,NA,"WY1 GB in G1","M1",NA,NA,NA,NA,NA,NA,NA,NA
"281",353,"Wyoming population 1","GB","yes","1st generation","M5",5,NA,NA,NA,NA,NA,NA,NA,NA,NA,NA,"WY1 GB in G1","M1",NA,NA,NA,NA,NA,NA,NA,NA
"282",354,"Wyoming population 1","GB","yes","1st generation","M5",6,0.0211,0.0108,9.6,6,0.2,1,2,12.5,4,9.7,"WY1 GB in G1","M1",12.5,0.0319,0.338557993730408,6,0.103923048454133,0.145258390463339,0.201357920790331,0.178605710994918
"283",355,"Wyoming population 1","GB","yes","1st generation","M5",1,0.0035,0.0013,2.9,5,0.2,1,0,NA,2,6,"WY1 GB in G1","M1",NA,0.0048,0.270833333333333,2,0.0360555127546399,0.0591607978309962,0.201357920790331,0.0692820323027551
"284",356,"Wyoming population 1","GB","yes","1st generation","M5",2,NA,NA,NA,NA,NA,NA,NA,NA,NA,NA,"WY1 GB in G1","M1",NA,NA,NA,NA,NA,NA,NA,NA
"285",357,"Wyoming population 1","GB","yes","1st generation","M5",3,NA,NA,NA,NA,NA,NA,NA,NA,NA,NA,"WY1 GB in G1","M1",NA,NA,NA,NA,NA,NA,NA,NA
"286",358,"Wyoming population 1","GB","yes","1st generation","M5",4,NA,NA,NA,NA,NA,NA,NA,NA,NA,NA,"WY1 GB in G1","M1",NA,NA,NA,NA,NA,NA,NA,NA
"287",359,"Wyoming population 1","GB","yes","1st generation","M5",5,NA,NA,NA,NA,NA,NA,NA,NA,NA,NA,"WY1 GB in G1","M1",NA,NA,NA,NA,NA,NA,NA,NA
"288",360,"Wyoming population 1","GB","yes","1st generation","M5",6,0.0032,0.0011,0.7,4,0.1,1,1,2.1,0,NA,"WY1 GB in G1","M1",NA,0.0043,0.255813953488372,1,0.033166247903554,0.0565685424949238,0.10016742116156,0.06557438524302
"289",361,"Wyoming population 1","GB","no","2nd generation","M4",1,0.0251,0.0083,9.3,12,0.1,2,NA,NA,3,9.1,"WY1 GB out G2","M3",NA,0.0334,0.248502994011976,NA,0.091104335791443,0.158429795177549,0.10016742116156,0.182756668824971
"290",362,"Wyoming population 1","GB","no","2nd generation","M4",2,0.0224,0.0079,10.9,10,0.1,2,1,3.2,5,8.9,"WY1 GB out G2","M3",8.9,0.0303,0.260726072607261,6,0.0888819441731559,0.149666295470958,0.10016742116156,0.174068951855292
"291",363,"Wyoming population 1","GB","no","2nd generation","M4",3,0.0017,0.0012,1.5,3,0.1,1,0,NA,3,6.9,"WY1 GB out G2","M3",NA,0.0029,0.413793103448276,3,0.0346410161513775,0.0412310562561766,0.10016742116156,0.053851648071345
"292",364,"Wyoming population 1","GB","no","2nd generation","M4",4,NA,NA,NA,NA,NA,NA,NA,NA,NA,NA,"WY1 GB out G2","M3",NA,NA,NA,NA,NA,NA,NA,NA
"293",365,"Wyoming population 1","GB","no","2nd generation","M4",5,NA,NA,NA,NA,NA,NA,NA,NA,NA,NA,"WY1 GB out G2","M3",NA,NA,NA,NA,NA,NA,NA,NA
"294",366,"Wyoming population 1","GB","no","2nd generation","M4",6,0.0159,0.0039,7.8,6,0.2,1,2,5,3,2.9,"WY1 GB out G2","M3",5,0.0198,0.196969696969697,5,0.062449979983984,0.126095202129185,0.201357920790331,0.140712472794703
"295",367,"Wyoming population 1","GB","no","2nd generation","M4",1,0.0149,0.0102,11.2,7,0.2,1,2,10.3,3,9.1,"WY1 GB out G2","M3",10.3,0.0251,0.406374501992032,5,0.100995049383621,0.122065556157337,0.201357920790331,0.158429795177549
"296",368,"Wyoming population 1","GB","no","2nd generation","M4",2,0.0322,0.0152,13.9,8,0.3,2,2,11.1,3,10.2,"WY1 GB out G2","M3",11.1,0.0474,0.320675105485232,5,0.12328828005938,0.179443584449264,0.304692654015398,0.217715410570772
"297",369,"Wyoming population 1","GB","no","2nd generation","M4",3,NA,NA,NA,NA,NA,NA,NA,NA,NA,NA,"WY1 GB out G2","M3",NA,NA,NA,NA,NA,NA,NA,NA
"298",370,"Wyoming population 1","GB","no","2nd generation","M4",4,NA,NA,NA,NA,NA,NA,NA,NA,NA,NA,"WY1 GB out G2","M3",NA,NA,NA,NA,NA,NA,NA,NA
"299",371,"Wyoming population 1","GB","no","2nd generation","M4",5,0.0513,0.0221,12,18,0.3,3,3,11.3,2,5.4,"WY1 GB out G2","M3",11.3,0.0734,0.301089918256131,5,0.148660687473185,0.226495033058122,0.304692654015398,0.270924343682881
"300",372,"Wyoming population 1","GB","no","2nd generation","M4",6,NA,NA,NA,NA,NA,NA,NA,NA,NA,NA,"WY1 GB out G2","M3",NA,NA,NA,NA,NA,NA,NA,NA
"301",373,"Wyoming population 1","GB","no","2nd generation","M4",1,0.0062,0.0103,8.3,6,0.2,2,1,10.5,5,9.6,"WY1 GB out G2","M3",10.5,0.0165,0.624242424242424,6,0.101488915650922,0.0787400787401181,0.201357920790331,0.128452325786651
"302",374,"Wyoming population 1","GB","no","2nd generation","M4",2,NA,NA,NA,NA,NA,NA,NA,NA,NA,NA,"WY1 GB out G2","M3",NA,NA,NA,NA,NA,NA,NA,NA
"303",375,"Wyoming population 1","GB","no","2nd generation","M4",3,NA,NA,NA,NA,NA,NA,NA,NA,NA,NA,"WY1 GB out G2","M3",NA,NA,NA,NA,NA,NA,NA,NA
"304",376,"Wyoming population 1","GB","no","2nd generation","M4",4,0.0201,0.0063,10.5,7,0.1,1,1,2.5,3,6.5,"WY1 GB out G2","M3",6.5,0.0264,0.238636363636364,4,0.0793725393319377,0.141774468787578,0.10016742116156,0.162480768092719
"305",377,"Wyoming population 1","GB","no","2nd generation","M4",5,NA,NA,NA,NA,NA,NA,NA,NA,NA,NA,"WY1 GB out G2","M3",NA,NA,NA,NA,NA,NA,NA,NA
"306",378,"Wyoming population 1","GB","no","2nd generation","M4",6,0.0165,8e-04,10.3,6,0.2,1,1,4.6,3,0.4,"WY1 GB out G2","M3",4.6,0.0173,0.046242774566474,4,0.0282842712474619,0.128452325786651,0.201357920790331,0.131529464379659
"307",379,"Wyoming population 1","GB","no","2nd generation","M4",1,0.0134,6e-04,8.6,7,0.2,1,2,4.6,0,NA,"WY1 GB out G2","M3",NA,0.014,0.0428571428571429,2,0.0244948974278318,0.115758369027902,0.201357920790331,0.118321595661992
"308",380,"Wyoming population 1","GB","no","2nd generation","M4",2,0.0014,1e-04,2,4,0.1,1,0,NA,2,5.2,"WY1 GB out G2","M3",NA,0.0015,0.0666666666666667,2,0.01,0.0374165738677394,0.10016742116156,0.0387298334620742
"309",381,"Wyoming population 1","GB","no","2nd generation","M4",3,0.0022,1e-04,3.5,3,0.1,1,0,NA,5,3.8,"WY1 GB out G2","M3",NA,0.0023,0.0434782608695652,5,0.01,0.0469041575982343,0.10016742116156,0.0479583152331272
"310",382,"Wyoming population 1","GB","no","2nd generation","M4",4,0.0415,0.0287,12.5,14,0.3,4,2,13,3,11.4,"WY1 GB out G2","M3",13,0.0702,0.408831908831909,5,0.169410743460974,0.203715487874634,0.304692654015398,0.264952825989835
"311",383,"Wyoming population 1","GB","no","2nd generation","M4",5,0.0459,0.0247,14.5,10,0.2,3,3,13.2,2,11.1,"WY1 GB out G2","M3",13.2,0.0706,0.34985835694051,5,0.157162336455017,0.214242852856285,0.201357920790331,0.265706605111728
"312",384,"Wyoming population 1","GB","no","2nd generation","M4",6,0.0109,0.0083,7.5,5,0.1,1,3,9.9,2,8,"WY1 GB out G2","M3",9.9,0.0192,0.432291666666667,5,0.091104335791443,0.104403065089106,0.10016742116156,0.13856406460551
"313",385,"Wyoming population 1","GB","no","2nd generation","M4",1,NA,NA,NA,NA,NA,NA,NA,NA,NA,NA,"WY1 GB out G2","M3",NA,NA,NA,NA,NA,NA,NA,NA
"314",386,"Wyoming population 1","GB","no","2nd generation","M4",2,0.0037,0.0013,4.1,5,0.1,1,1,9.4,1,0.6,"WY1 GB out G2","M3",9.4,0.005,0.26,2,0.0360555127546399,0.0608276253029822,0.10016742116156,0.0707106781186548
"315",387,"Wyoming population 1","GB","no","2nd generation","M4",3,NA,NA,NA,NA,NA,NA,NA,NA,NA,NA,"WY1 GB out G2","M3",NA,NA,NA,NA,NA,NA,NA,NA
"316",388,"Wyoming population 1","GB","no","2nd generation","M4",4,NA,NA,NA,NA,NA,NA,NA,NA,NA,NA,"WY1 GB out G2","M3",NA,NA,NA,NA,NA,NA,NA,NA
"317",389,"Wyoming population 1","GB","no","2nd generation","M4",5,0.0108,0.0047,5.5,6,0.2,2,2,9.7,1,4,"WY1 GB out G2","M3",9.7,0.0155,0.303225806451613,3,0.0685565460040104,0.103923048454133,0.201357920790331,0.124498995979887
"318",390,"Wyoming population 1","GB","no","2nd generation","M4",6,0.0232,0.0082,8.9,14,0.2,4,2,13.4,2,10.8,"WY1 GB out G2","M3",13.4,0.0314,0.261146496815287,4,0.0905538513813742,0.152315462117278,0.201357920790331,0.177200451466693
"319",391,"Wyoming population 1","GB","no","2nd generation","M4",1,0.0156,0.0082,8.9,7,0.2,1,2,10.1,3,8.6,"WY1 GB out G2","M3",10.1,0.0238,0.34453781512605,5,0.0905538513813742,0.124899959967968,0.201357920790331,0.154272486205415
"320",392,"Wyoming population 1","GB","no","2nd generation","M4",2,0.0042,0.004,3.3,4,0.1,1,2,7.9,2,8.2,"WY1 GB out G2","M3",8.2,0.0082,0.487804878048781,4,0.0632455532033676,0.0648074069840786,0.10016742116156,0.0905538513813742
"321",393,"Wyoming population 1","GB","no","2nd generation","M4",3,NA,NA,NA,NA,NA,NA,NA,NA,NA,NA,"WY1 GB out G2","M3",NA,NA,NA,NA,NA,NA,NA,NA
"322",394,"Wyoming population 1","GB","no","2nd generation","M4",4,0.0306,0.0146,12,11,0.1,2,4,10.5,1,7.9,"WY1 GB out G2","M3",10.5,0.0452,0.323008849557522,5,0.120830459735946,0.174928556845359,0.10016742116156,0.212602916254693
"323",395,"Wyoming population 1","GB","no","2nd generation","M4",5,0.0294,0.0176,11.9,11,0.1,3,4,8.8,1,6,"WY1 GB out G2","M3",8.8,0.047,0.374468085106383,5,0.132664991614216,0.171464281994822,0.10016742116156,0.216794833886788
"324",396,"Wyoming population 1","GB","no","2nd generation","M4",6,NA,NA,NA,NA,NA,NA,NA,NA,NA,NA,"WY1 GB out G2","M3",NA,NA,NA,NA,NA,NA,NA,NA
"325",397,"Wyoming population 1","GB","yes","2nd generation","M4",1,0.0161,0.0238,13.5,10,0.3,3,3,10.2,3,1.7,"WY1 GB in G2","M4",10.2,0.0399,0.596491228070175,6,0.154272486205415,0.126885775404495,0.304692654015398,0.199749843554382
"326",398,"Wyoming population 1","GB","yes","2nd generation","M4",2,0.0184,0.0127,9.5,12,0.1,2,1,12.5,3,9.7,"WY1 GB in G2","M4",12.5,0.0311,0.408360128617363,4,0.112694276695846,0.135646599662505,0.10016742116156,0.176351920885484
"327",399,"Wyoming population 1","GB","yes","2nd generation","M4",3,0.0186,0.0101,8.6,6,0.1,1,0,NA,5,10.2,"WY1 GB in G2","M4",NA,0.0287,0.35191637630662,5,0.100498756211209,0.136381816969859,0.10016742116156,0.169410743460974
"328",400,"Wyoming population 1","GB","yes","2nd generation","M4",4,0.0286,0.0141,10.3,9,0.4,2,2,11,5,9.7,"WY1 GB in G2","M4",11,0.0427,0.330210772833724,7,0.118743420870379,0.169115345252878,0.411516846067488,0.206639783197718
"329",401,"Wyoming population 1","GB","yes","2nd generation","M4",5,0.0276,0.0172,9.4,10,0.1,2,4,7.8,2,8.4,"WY1 GB in G2","M4",8.4,0.0448,0.383928571428571,6,0.13114877048604,0.166132477258361,0.10016742116156,0.211660104885167
"330",402,"Wyoming population 1","GB","yes","2nd generation","M4",6,0.0485,0.0199,12.3,15,0.3,3,2,10.8,6,10.4,"WY1 GB in G2","M4",10.8,0.0684,0.29093567251462,8,0.141067359796659,0.220227155455452,0.304692654015398,0.26153393661244
"331",403,"Wyoming population 1","GB","yes","2nd generation","M4",1,NA,NA,NA,NA,NA,NA,NA,NA,NA,NA,"WY1 GB in G2","M4",NA,NA,NA,NA,NA,NA,NA,NA
"332",404,"Wyoming population 1","GB","yes","2nd generation","M4",2,0.0251,0.0179,8.4,10,0.2,2,3,12.8,3,9.4,"WY1 GB in G2","M4",12.8,0.043,0.416279069767442,6,0.133790881602597,0.158429795177549,0.201357920790331,0.207364413533277
"333",405,"Wyoming population 1","GB","yes","2nd generation","M4",3,NA,NA,NA,NA,NA,NA,NA,NA,NA,NA,"WY1 GB in G2","M4",NA,NA,NA,NA,NA,NA,NA,NA
"334",406,"Wyoming population 1","GB","yes","2nd generation","M4",4,0.0236,0.0132,9.4,8,0.2,2,1,12.4,3,10.5,"WY1 GB in G2","M4",12.4,0.0368,0.358695652173913,4,0.114891252930761,0.153622914957372,0.201357920790331,0.191833260932509
"335",407,"Wyoming population 1","GB","yes","2nd generation","M4",5,0.0195,0.0122,7.8,6,0.2,1,2,10.2,4,9.1,"WY1 GB in G2","M4",10.2,0.0317,0.384858044164038,6,0.110453610171873,0.139642400437689,0.201357920790331,0.178044938147649
"336",408,"Wyoming population 1","GB","yes","2nd generation","M4",6,0.0168,0.0102,7.9,13,0.2,3,2,12.3,2,10.4,"WY1 GB in G2","M4",12.3,0.027,0.377777777777778,4,0.100995049383621,0.129614813968157,0.201357920790331,0.16431676725155
"337",409,"Wyoming population 1","GB","yes","2nd generation","M4",1,NA,NA,NA,NA,NA,NA,NA,NA,NA,NA,"WY1 GB in G2","M4",NA,NA,NA,NA,NA,NA,NA,NA
"338",410,"Wyoming population 1","GB","yes","2nd generation","M4",2,0.0057,0.0047,4.9,5,0.1,2,0,NA,5,11.4,"WY1 GB in G2","M4",NA,0.0104,0.451923076923077,5,0.0685565460040104,0.0754983443527075,0.10016742116156,0.101980390271856
"339",411,"Wyoming population 1","GB","yes","2nd generation","M4",3,0.0091,0.0065,8,5,0.1,1,1,10.3,3,9.2,"WY1 GB in G2","M4",10.3,0.0156,0.416666666666667,4,0.0806225774829855,0.0953939201416946,0.10016742116156,0.124899959967968
"340",412,"Wyoming population 1","GB","yes","2nd generation","M4",4,0.0195,0.0124,7,8,0.3,2,1,2.7,6,10.4,"WY1 GB in G2","M4",10.4,0.0319,0.38871473354232,7,0.1113552872566,0.139642400437689,0.304692654015398,0.178605710994918
"341",413,"Wyoming population 1","GB","yes","2nd generation","M4",5,0.038,0.0226,13.6,9,0.2,2,4,10.2,2,10.2,"WY1 GB in G2","M4",10.2,0.0606,0.372937293729373,6,0.150332963783729,0.194935886896179,0.201357920790331,0.246170672501823
"342",414,"Wyoming population 1","GB","yes","2nd generation","M4",6,0.0082,0.0054,4.5,6,0.1,1,1,11.9,2,11.3,"WY1 GB in G2","M4",11.9,0.0136,0.397058823529412,3,0.0734846922834953,0.0905538513813742,0.10016742116156,0.116619037896906
"343",415,"Wyoming population 1","GB","yes","2nd generation","M4",1,0.0513,0.0235,16.4,10,0.2,3,4,11.6,1,0.9,"WY1 GB in G2","M4",11.6,0.0748,0.314171122994652,5,0.153297097167559,0.226495033058122,0.201357920790331,0.273495886623547
"344",416,"Wyoming population 1","GB","yes","2nd generation","M4",2,0.0366,0.0096,12.9,10,0.1,3,1,1.7,3,8.1,"WY1 GB in G2","M4",8.1,0.0462,0.207792207792208,4,0.0979795897113271,0.19131126469709,0.10016742116156,0.214941852602047
"345",417,"Wyoming population 1","GB","yes","2nd generation","M4",3,0.0013,9e-04,1.5,4,0.1,1,0,NA,1,0.8,"WY1 GB in G2","M4",NA,0.0022,0.409090909090909,1,0.03,0.0360555127546399,0.10016742116156,0.0469041575982343
"346",418,"Wyoming population 1","GB","yes","2nd generation","M4",4,0.0167,0.0131,9.8,5,0.1,1,2,11.2,3,8,"WY1 GB in G2","M4",11.2,0.0298,0.439597315436242,5,0.114455231422596,0.129228479833201,0.10016742116156,0.172626765016321
"347",419,"Wyoming population 1","GB","yes","2nd generation","M4",5,0.0135,0.0082,7.2,6,0.2,2,3,9.7,1,9.1,"WY1 GB in G2","M4",9.7,0.0217,0.377880184331797,4,0.0905538513813742,0.116189500386222,0.201357920790331,0.147309198626562
"348",420,"Wyoming population 1","GB","yes","2nd generation","M4",6,0.0384,0.0173,11.5,11,0.1,3,0,NA,5,10.2,"WY1 GB in G2","M4",NA,0.0557,0.310592459605027,5,0.131529464379659,0.195959179422654,0.10016742116156,0.236008474424119
"349",421,"Wyoming population 1","GB","yes","2nd generation","M4",1,0.0225,0.0132,10,9,0.2,2,3,7.1,4,10.9,"WY1 GB in G2","M4",10.9,0.0357,0.369747899159664,7,0.114891252930761,0.15,0.201357920790331,0.188944436276912
"350",422,"Wyoming population 1","GB","yes","2nd generation","M4",2,0.0268,0.0175,12.5,10,0.2,2,2,10,3,8.6,"WY1 GB in G2","M4",10,0.0443,0.395033860045147,5,0.13228756555323,0.163707055437449,0.201357920790331,0.210475651798492
"351",423,"Wyoming population 1","GB","yes","2nd generation","M4",3,NA,NA,NA,NA,NA,NA,NA,NA,NA,NA,"WY1 GB in G2","M4",NA,NA,NA,NA,NA,NA,NA,NA
"352",424,"Wyoming population 1","GB","yes","2nd generation","M4",4,0.0041,0.0017,4,6,0.1,1,2,6.3,1,7.7,"WY1 GB in G2","M4",7.7,0.0058,0.293103448275862,3,0.0412310562561766,0.0640312423743285,0.10016742116156,0.0761577310586391
"353",425,"Wyoming population 1","GB","yes","2nd generation","M4",5,0.0178,0.0136,8.1,7,0.2,2,3,11.8,3,9.9,"WY1 GB in G2","M4",11.8,0.0314,0.43312101910828,6,0.116619037896906,0.133416640641263,0.201357920790331,0.177200451466693
"354",426,"Wyoming population 1","GB","yes","2nd generation","M4",6,0.0255,0.0137,9.7,9,NA,3,2,11.3,5,9.1,"WY1 GB in G2","M4",11.3,0.0392,0.349489795918367,7,0.117046999107196,0.159687194226713,NA,0.197989898732233
"355",427,"Wyoming population 1","GB","yes","2nd generation","M4",1,NA,NA,NA,NA,NA,NA,NA,NA,NA,NA,"WY1 GB in G2","M4",NA,NA,NA,NA,NA,NA,NA,NA
"356",428,"Wyoming population 1","GB","yes","2nd generation","M4",2,0.0045,0.0017,3,5,0.1,1,1,3,2,8.3,"WY1 GB in G2","M4",8.3,0.0062,0.274193548387097,3,0.0412310562561766,0.0670820393249937,0.10016742116156,0.0787400787401181
"357",429,"Wyoming population 1","GB","yes","2nd generation","M4",3,NA,NA,NA,NA,NA,NA,NA,NA,NA,NA,"WY1 GB in G2","M4",NA,NA,NA,NA,NA,NA,NA,NA
"358",430,"Wyoming population 1","GB","yes","2nd generation","M4",4,0.0401,0.0242,11.5,7,0.3,2,1,12,4,10.9,"WY1 GB in G2","M4",12,0.0643,0.376360808709176,5,0.15556349186104,0.200249843945008,0.304692654015398,0.253574446662119
"359",431,"Wyoming population 1","GB","yes","2nd generation","M4",5,0.0298,0.0134,8.4,15,0.2,3,2,10.3,4,7.5,"WY1 GB in G2","M4",10.3,0.0432,0.310185185185185,6,0.115758369027902,0.172626765016321,0.201357920790331,0.207846096908265
"360",432,"Wyoming population 1","GB","yes","2nd generation","M4",6,0.0568,0.0438,12.6,17,0.3,3,2,10.4,6,9.5,"WY1 GB in G2","M4",10.4,0.1006,0.435387673956262,8,0.209284495364564,0.23832750575626,0.304692654015398,0.317175030543074
"361",433,"Wyoming population 1","GB","yes","1st generation","M4",1,0.0083,0.0057,7,6,0.2,1,2,11.9,0,NA,"WY1 GB in G1","M4",NA,0.014,0.407142857142857,2,0.0754983443527075,0.091104335791443,0.201357920790331,0.118321595661992
"362",434,"Wyoming population 1","GB","yes","1st generation","M4",2,NA,NA,NA,NA,NA,NA,NA,NA,NA,NA,"WY1 GB in G1","M4",NA,NA,NA,NA,NA,NA,NA,NA
"363",435,"Wyoming population 1","GB","yes","1st generation","M4",3,0.0164,0.0201,9.9,5,0.1,1,2,8.2,1,6,"WY1 GB in G1","M4",8.2,0.0365,0.550684931506849,3,0.141774468787578,0.128062484748657,0.10016742116156,0.191049731745428
"364",436,"Wyoming population 1","GB","yes","1st generation","M4",4,NA,NA,11,NA,NA,NA,NA,NA,NA,NA,"WY1 GB in G1","M4",NA,NA,NA,NA,NA,NA,NA,NA
"365",437,"Wyoming population 1","GB","yes","1st generation","M4",5,0.0358,0.0209,11.8,15,0.2,3,4,11.9,2,10.8,"WY1 GB in G1","M4",11.9,0.0567,0.368606701940035,6,0.14456832294801,0.189208879284245,0.201357920790331,0.238117617995813
"366",438,"Wyoming population 1","GB","yes","1st generation","M4",6,0.0222,0.0112,10.8,9,0.1,2,3,11,2,1.4,"WY1 GB in G1","M4",11,0.0334,0.335329341317365,5,0.105830052442584,0.148996644257513,0.10016742116156,0.182756668824971
"367",439,"Wyoming population 1","GB","yes","1st generation","M4",1,0.0266,0.0174,11.6,8,0.2,2,1,12.5,4,10.2,"WY1 GB in G1","M4",12.5,0.044,0.395454545454545,5,0.131909059582729,0.163095064303001,0.201357920790331,0.20976176963403
"368",440,"Wyoming population 1","GB","yes","1st generation","M4",2,0.0125,0.01,8.9,7,0.1,2,2,10.3,2,7.6,"WY1 GB in G1","M4",10.3,0.0225,0.444444444444444,4,0.1,0.111803398874989,0.10016742116156,0.15
"369",441,"Wyoming population 1","GB","yes","1st generation","M4",3,0.0135,0.0053,8.3,5,0.2,1,1,10.9,2,8.2,"WY1 GB in G1","M4",10.9,0.0188,0.281914893617021,3,0.0728010988928052,0.116189500386222,0.201357920790331,0.137113092008021
"370",442,"Wyoming population 1","GB","yes","1st generation","M4",4,0.0303,0.0169,13.2,10,0.2,3,1,12.2,5,9.9,"WY1 GB in G1","M4",12.2,0.0472,0.358050847457627,6,0.13,0.174068951855292,0.201357920790331,0.217255609824004
"371",443,"Wyoming population 1","GB","yes","1st generation","M4",5,0.0269,0.0208,12.4,8,0.2,2,2,10,2,11,"WY1 GB in G1","M4",11,0.0477,0.436058700209644,4,0.14422205101856,0.164012194668567,0.201357920790331,0.218403296678416
"372",444,"Wyoming population 1","GB","yes","1st generation","M4",6,0.0392,0.0116,13.4,13,0.2,3,2,11.1,3,3.3,"WY1 GB in G1","M4",11.1,0.0508,0.228346456692913,5,0.10770329614269,0.197989898732233,0.201357920790331,0.225388553391693
"373",445,"Wyoming population 1","GB","yes","1st generation","M4",1,NA,NA,NA,NA,NA,NA,NA,NA,NA,NA,"WY1 GB in G1","M4",NA,NA,NA,NA,NA,NA,NA,NA
"374",446,"Wyoming population 1","GB","yes","1st generation","M4",2,0.0237,0.0097,10.7,10,NA,3,2,10.2,3,7.3,"WY1 GB in G1","M4",10.2,0.0334,0.290419161676647,5,0.098488578017961,0.153948043183407,NA,0.182756668824971
"375",447,"Wyoming population 1","GB","yes","1st generation","M4",3,0.0081,0.0075,8,6,0.1,1,2,10.9,1,5.4,"WY1 GB in G1","M4",10.9,0.0156,0.480769230769231,3,0.0866025403784439,0.09,0.10016742116156,0.124899959967968
"376",448,"Wyoming population 1","GB","yes","1st generation","M4",4,NA,NA,NA,NA,NA,NA,NA,NA,NA,NA,"WY1 GB in G1","M4",NA,NA,NA,NA,NA,NA,NA,NA
"377",449,"Wyoming population 1","GB","yes","1st generation","M4",5,NA,NA,7,8,0.2,1,1,11.6,3,9.7,"WY1 GB in G1","M4",11.6,NA,NA,4,NA,NA,0.201357920790331,NA
"378",450,"Wyoming population 1","GB","yes","1st generation","M4",6,0.0552,0.0227,13.7,13,0.1,3,0,NA,5,12.8,"WY1 GB in G1","M4",NA,0.0779,0.291399229781772,5,0.150665191733194,0.234946802489415,0.10016742116156,0.279105714739057
"379",451,"Wyoming population 1","GB","yes","1st generation","M4",1,0.0114,0.0085,9.6,7,0.1,2,2,12.5,2,10,"WY1 GB in G1","M4",12.5,0.0199,0.42713567839196,4,0.0921954445729289,0.106770782520313,0.10016742116156,0.141067359796659
"380",452,"Wyoming population 1","GB","yes","1st generation","M4",2,NA,NA,NA,NA,NA,NA,NA,NA,NA,NA,"WY1 GB in G1","M4",NA,NA,NA,NA,NA,NA,NA,NA
"381",453,"Wyoming population 1","GB","yes","1st generation","M4",3,NA,NA,NA,NA,NA,NA,NA,NA,NA,NA,"WY1 GB in G1","M4",NA,NA,NA,NA,NA,NA,NA,NA
"382",454,"Wyoming population 1","GB","yes","1st generation","M4",4,NA,NA,NA,NA,NA,NA,NA,NA,NA,NA,"WY1 GB in G1","M4",NA,NA,NA,NA,NA,NA,NA,NA
"383",455,"Wyoming population 1","GB","yes","1st generation","M4",5,NA,NA,NA,NA,NA,NA,NA,NA,NA,NA,"WY1 GB in G1","M4",NA,NA,NA,NA,NA,NA,NA,NA
"384",456,"Wyoming population 1","GB","yes","1st generation","M4",6,0.0182,0.0071,9,9,0.2,2,1,3,3,11.2,"WY1 GB in G1","M4",11.2,0.0253,0.280632411067194,4,0.0842614977317636,0.13490737563232,0.201357920790331,0.159059737205869
"385",457,"Wyoming population 1","GB","yes","1st generation","M4",1,0.0158,0.0123,9.6,6,0.2,1,2,10.7,3,10,"WY1 GB in G1","M4",10.7,0.0281,0.437722419928826,5,0.110905365064094,0.125698050899765,0.201357920790331,0.167630546142402
"386",458,"Wyoming population 1","GB","yes","1st generation","M4",2,NA,NA,NA,NA,NA,NA,NA,NA,NA,NA,"WY1 GB in G1","M4",NA,NA,NA,NA,NA,NA,NA,NA
"387",459,"Wyoming population 1","GB","yes","1st generation","M4",3,0.0078,0.0055,8,5,0.1,1,1,9.7,3,9.6,"WY1 GB in G1","M4",9.7,0.0133,0.413533834586466,4,0.0741619848709566,0.0883176086632785,0.10016742116156,0.115325625946708
"388",460,"Wyoming population 1","GB","yes","1st generation","M4",4,0.0191,0.0135,9.1,7,0.2,2,3,11.4,3,10.3,"WY1 GB in G1","M4",11.4,0.0326,0.414110429447853,6,0.116189500386222,0.138202749610853,0.201357920790331,0.180554700852678
"389",461,"Wyoming population 1","GB","yes","1st generation","M4",5,0.0155,0.0125,6.9,8,0.2,2,3,11.7,1,11.3,"WY1 GB in G1","M4",11.7,0.028,0.446428571428571,4,0.111803398874989,0.124498995979887,0.201357920790331,0.167332005306815
"390",462,"Wyoming population 1","GB","yes","1st generation","M4",6,NA,NA,NA,NA,NA,NA,NA,NA,NA,NA,"WY1 GB in G1","M4",NA,NA,NA,NA,NA,NA,NA,NA
"391",463,"Wyoming population 1","GB","yes","1st generation","M4",1,0.0155,0.0103,9.5,8,0.1,2,2,12.1,3,10.4,"WY1 GB in G1","M4",12.1,0.0258,0.39922480620155,5,0.101488915650922,0.124498995979887,0.10016742116156,0.16062378404209
"392",464,"Wyoming population 1","GB","yes","1st generation","M4",2,0.0323,0.0153,13.3,8,0.2,2,3,9.6,5,9,"WY1 GB in G1","M4",9.6,0.0476,0.321428571428571,8,0.12369316876853,0.179722007556114,0.201357920790331,0.218174242292714
"393",465,"Wyoming population 1","GB","yes","1st generation","M4",3,NA,NA,NA,NA,NA,NA,NA,NA,NA,NA,"WY1 GB in G1","M4",NA,NA,NA,NA,NA,NA,NA,NA
"394",466,"Wyoming population 1","GB","yes","1st generation","M4",4,NA,NA,NA,NA,NA,NA,NA,NA,NA,NA,"WY1 GB in G1","M4",NA,NA,NA,NA,NA,NA,NA,NA
"395",467,"Wyoming population 1","GB","yes","1st generation","M4",5,0.0363,0.0191,12.4,12,0.2,2,3,10.3,1,9.6,"WY1 GB in G1","M4",10.3,0.0554,0.344765342960289,4,0.138202749610853,0.190525588832577,0.201357920790331,0.235372045918796
"396",468,"Wyoming population 1","GB","yes","1st generation","M4",6,0.0583,0.0319,18.1,9,0.2,2,4,11.3,4,11.2,"WY1 GB in G1","M4",11.3,0.0902,0.353658536585366,8,0.178605710994918,0.241453929352993,0.201357920790331,0.300333148353624
"397",469,"Wyoming population 1","GB","no","1st generation","M4",1,NA,NA,NA,NA,NA,NA,NA,NA,NA,NA,"WY1 GB out G1","M3",NA,NA,NA,NA,NA,NA,NA,NA
"398",470,"Wyoming population 1","GB","no","1st generation","M4",2,0.0184,0.0118,7.6,7,0.1,2,2,9.8,3,9.5,"WY1 GB out G1","M3",9.8,0.0302,0.390728476821192,5,0.108627804912002,0.135646599662505,0.10016742116156,0.173781471969828
"399",471,"Wyoming population 1","GB","no","1st generation","M4",3,NA,NA,NA,NA,NA,NA,NA,NA,NA,NA,"WY1 GB out G1","M3",NA,NA,NA,NA,NA,NA,NA,NA
"400",472,"Wyoming population 1","GB","no","1st generation","M4",4,0.0173,0.0112,6.9,7,0.2,2,2,10.9,3,10.3,"WY1 GB out G1","M3",10.9,0.0285,0.392982456140351,5,0.105830052442584,0.131529464379659,0.201357920790331,0.168819430161341
"401",473,"Wyoming population 1","GB","no","1st generation","M4",5,0.0347,0.0192,12.5,8,0.2,3,3,9.5,2,10.1,"WY1 GB out G1","M3",10.1,0.0539,0.35621521335807,5,0.13856406460551,0.186279360101972,0.201357920790331,0.232163735324878
"402",474,"Wyoming population 1","GB","no","1st generation","M4",6,0.0289,0.0181,13.7,7,0.2,2,2,11.3,4,10,"WY1 GB out G1","M3",11.3,0.047,0.385106382978723,6,0.134536240470737,0.17,0.201357920790331,0.216794833886788
"403",475,"Wyoming population 1","GB","no","1st generation","M4",1,NA,NA,NA,NA,NA,NA,NA,NA,NA,NA,"WY1 GB out G1","M3",NA,NA,NA,NA,NA,NA,NA,NA
"404",476,"Wyoming population 1","GB","no","1st generation","M4",2,NA,NA,NA,NA,NA,NA,NA,NA,NA,NA,"WY1 GB out G1","M3",NA,NA,NA,NA,NA,NA,NA,NA
"405",477,"Wyoming population 1","GB","no","1st generation","M4",3,NA,NA,NA,NA,NA,NA,NA,NA,NA,NA,"WY1 GB out G1","M3",NA,NA,NA,NA,NA,NA,NA,NA
"406",478,"Wyoming population 1","GB","no","1st generation","M4",4,0.0094,0.0052,4.5,6,0.1,1,1,10.6,2,10.7,"WY1 GB out G1","M3",10.7,0.0146,0.356164383561644,3,0.0721110255092798,0.0969535971483266,0.10016742116156,0.120830459735946
"407",479,"Wyoming population 1","GB","no","1st generation","M4",5,0.033,0.0178,10.9,10,0.2,2,3,11.5,3,11.3,"WY1 GB out G1","M3",11.5,0.0508,0.350393700787402,6,0.133416640641263,0.18165902124585,0.201357920790331,0.225388553391693
"408",480,"Wyoming population 1","GB","no","1st generation","M4",6,0.046,0.0175,13.2,9,0.2,3,2,11.2,4,10.9,"WY1 GB out G1","M3",11.2,0.0635,0.275590551181102,6,0.13228756555323,0.214476105895272,0.201357920790331,0.251992063367083
"409",481,"Wyoming population 1","GB","no","1st generation","M4",1,0.0301,0.0158,10.1,10,0.1,2,3,13.5,1,11,"WY1 GB out G1","M3",13.5,0.0459,0.344226579520697,4,0.125698050899765,0.173493515728975,0.10016742116156,0.214242852856285
"410",482,"Wyoming population 1","GB","no","1st generation","M4",2,0.0112,0.0067,4.2,6,0.1,1,1,11,4,8.8,"WY1 GB out G1","M3",11,0.0179,0.374301675977654,5,0.0818535277187245,0.105830052442584,0.10016742116156,0.133790881602597
"411",483,"Wyoming population 1","GB","no","1st generation","M4",3,0.0208,0.0108,7.5,9,0.1,2,1,10.2,4,9,"WY1 GB out G1","M3",10.2,0.0316,0.341772151898734,5,0.103923048454133,0.14422205101856,0.10016742116156,0.177763888346312
"412",484,"Wyoming population 1","GB","no","1st generation","M4",4,0.0409,NA,11.1,11,0.2,2,2,13.1,5,9.9,"WY1 GB out G1","M3",13.1,NA,NA,7,NA,0.202237484161567,0.201357920790331,NA
"413",485,"Wyoming population 1","GB","no","1st generation","M4",5,0.0123,0.0064,14.2,8,0.1,2,4,11.7,1,10.3,"WY1 GB out G1","M3",11.7,0.0187,0.342245989304813,5,0.08,0.110905365064094,0.10016742116156,0.136747943311773
"414",486,"Wyoming population 1","GB","no","1st generation","M4",6,NA,NA,NA,NA,NA,NA,NA,NA,NA,NA,"WY1 GB out G1","M3",NA,NA,NA,NA,NA,NA,NA,NA
"415",487,"Wyoming population 1","GB","no","1st generation","M4",1,0.0237,0.0139,9.3,10,0.1,3,2,11.1,4,10.7,"WY1 GB out G1","M3",11.1,0.0376,0.36968085106383,6,0.117898261225516,0.153948043183407,0.10016742116156,0.193907194296653
"416",488,"Wyoming population 1","GB","no","1st generation","M4",2,0.0165,0.0151,7.7,8,0.1,2,1,12.6,4,10.6,"WY1 GB out G1","M3",12.6,0.0316,0.477848101265823,5,0.122882057274445,0.128452325786651,0.10016742116156,0.177763888346312
"417",489,"Wyoming population 1","GB","no","1st generation","M4",3,NA,NA,NA,NA,NA,NA,NA,NA,NA,NA,"WY1 GB out G1","M3",NA,NA,NA,NA,NA,NA,NA,NA
"418",490,"Wyoming population 1","GB","no","1st generation","M4",4,NA,NA,NA,NA,NA,NA,NA,NA,NA,NA,"WY1 GB out G1","M3",NA,NA,NA,NA,NA,NA,NA,NA
"419",491,"Wyoming population 1","GB","no","1st generation","M4",5,0.0328,0.0251,12.5,7,0.2,2,5,11.3,2,10.1,"WY1 GB out G1","M3",11.3,0.0579,0.433506044905009,7,0.158429795177549,0.181107702762748,0.201357920790331,0.240624188310319
"420",492,"Wyoming population 1","GB","no","1st generation","M4",6,NA,NA,NA,NA,NA,NA,NA,NA,NA,NA,"WY1 GB out G1","M3",NA,NA,NA,NA,NA,NA,NA,NA
"421",493,"Wyoming population 1","GB","no","1st generation","M4",1,0.0215,0.0173,13.2,6,0.2,1,3,10.8,3,9.2,"WY1 GB out G1","M3",10.8,0.0388,0.445876288659794,6,0.131529464379659,0.146628782986152,0.201357920790331,0.196977156035922
"422",494,"Wyoming population 1","GB","no","1st generation","M4",2,NA,NA,NA,NA,NA,NA,NA,NA,NA,NA,"WY1 GB out G1","M3",NA,NA,NA,NA,NA,NA,NA,NA
"423",495,"Wyoming population 1","GB","no","1st generation","M4",3,NA,NA,NA,NA,NA,NA,NA,NA,NA,NA,"WY1 GB out G1","M3",NA,NA,NA,NA,NA,NA,NA,NA
"424",496,"Wyoming population 1","GB","no","1st generation","M4",4,NA,NA,NA,NA,NA,NA,NA,NA,NA,NA,"WY1 GB out G1","M3",NA,NA,NA,NA,NA,NA,NA,NA
"425",497,"Wyoming population 1","GB","no","1st generation","M4",5,0.0421,0.0267,12.5,13,0.2,2,1,11.5,4,10.4,"WY1 GB out G1","M3",11.5,0.0688,0.388081395348837,5,0.163401346383682,0.205182845286832,0.201357920790331,0.26229754097208
"426",498,"Wyoming population 1","GB","no","1st generation","M4",6,0.0114,0.0051,6.9,7,0.2,1,3,11.3,2,3.6,"WY1 GB out G1","M3",11.3,0.0165,0.309090909090909,5,0.0714142842854285,0.106770782520313,0.201357920790331,0.128452325786651
"427",499,"Wyoming population 1","GB","no","1st generation","M4",1,NA,NA,NA,NA,NA,NA,NA,NA,NA,NA,"WY1 GB out G1","M3",NA,NA,NA,NA,NA,NA,NA,NA
"428",500,"Wyoming population 1","GB","no","1st generation","M4",2,0.0128,0.0111,7,5,0.1,1,2,12,3,9.8,"WY1 GB out G1","M3",12,0.0239,0.464435146443515,5,0.105356537528527,0.113137084989848,0.10016742116156,0.154596248337403
"429",501,"Wyoming population 1","GB","no","1st generation","M4",3,0.0115,0.0067,6.7,5,0.2,1,2,4.6,3,9.4,"WY1 GB out G1","M3",9.4,0.0182,0.368131868131868,5,0.0818535277187245,0.107238052947636,0.201357920790331,0.13490737563232
"430",502,"Wyoming population 1","GB","no","1st generation","M4",4,0.0339,0.0144,10.5,11,0.2,2,2,10.6,3,7.1,"WY1 GB out G1","M3",10.6,0.0483,0.298136645962733,5,0.12,0.18411952639522,0.201357920790331,0.219772609758359
"431",503,"Wyoming population 1","GB","no","1st generation","M4",5,0.0393,0.0275,13.6,9,0.2,3,4,10.9,3,10.7,"WY1 GB out G1","M3",10.9,0.0668,0.411676646706587,7,0.16583123951777,0.19824227601599,0.201357920790331,0.258456959666402
"432",504,"Wyoming population 1","GB","no","1st generation","M4",6,0.064,0.0263,15.4,14,0.2,3,3,10.2,5,10.2,"WY1 GB out G1","M3",10.2,0.0903,0.29125138427464,8,0.162172747402269,0.25298221281347,0.201357920790331,0.300499584026334
